,kepid,name,koi_impact,koi_prad
0,10797460,Kepler-227 b,0.146,2.26
1,10797460,Kepler-227 c,0.586,2.83
2,10854555,Kepler-664 b,0.701,2.75
3,10872983,Kepler-228 d,0.538,3.9
4,10872983,Kepler-228 c,0.762,2.77
5,10872983,Kepler-228 b,0.755,1.59
6,10910878,Kepler-229 c,0.052,5.76
7,11446443,Kepler-1 b,0.818,13.04
8,10666592,Kepler-2 b,0.224,16.1
9,6922244,Kepler-8 b,0.631,14.59
10,10984090,Kepler-466 c,0.051,1.16
11,10526549,Kepler-660 b,0.387,2.47
12,10583066,Kepler-661 b,0.258,2.85
13,10601284,Kepler-226 c,0.092,2.55
14,10601284,Kepler-226 b,0.226,1.7
15,10601284,Kepler-226 d,0.025,1.3
16,10662202,Kepler-662 b,0.896,2.95
17,10682541,Kepler-663 b,0.71,2.78
18,11460018,Kepler-671 b,0.424,2.3
19,11507101,Kepler-672 b,0.468,2.82
20,10910878,Kepler-229 d,0.045,3.86
21,10910878,Kepler-229 b,0.105,2.65
22,10987985,Kepler-665 b,0.799,3.1
23,11018648,Kepler-230 b,0.021,3.36
24,11018648,Kepler-230 c,0.606,2.12
25,11153539,Kepler-666 b,0.312,2.1
26,9579641,Kepler-105 b,0.787,2.94
27,11304958,Kepler-667 b,0.355,5.5
28,11391957,Kepler-668 b,0.023,2.52
29,11403044,Kepler-669 b,0.597,4.43
30,11414511,Kepler-670 b,0.105,12.21
31,12110942,Kepler-680 b,0.151,1.89
32,12366084,Kepler-232 b,0.405,3.25
33,12366084,Kepler-232 c,0.911,3.95
34,12404086,Kepler-681 b,0.602,3.07
35,8395660,Kepler-106 c,0.866,2.64
36,9579641,Kepler-105 c,0.898,1.79
37,11754553,Kepler-52 c,0.001,2.0
38,11754553,Kepler-52 b,0.041,2.16
39,11754553,Kepler-52 d,0.028,1.99
40,11812062,Kepler-673 b,0.558,6.02
41,11853255,Kepler-674 b,0.915,1.99
42,11918099,Kepler-675 b,0.28,2.34
43,11923270,Kepler-676 b,0.679,2.65
44,11960862,Kepler-677 b,0.39,5.31
45,12020329,Kepler-678 b,0.547,4.86
46,12066335,Kepler-231 c,0.031,1.93
47,12066335,Kepler-231 b,0.628,1.91
48,12070811,Kepler-679 b,0.883,2.66
49,8395660,Kepler-106 e,0.852,2.87
50,3342970,Kepler-234 b,0.023,3.12
51,3342970,Kepler-234 c,0.012,3.32
52,12470844,Kepler-233 b,0.022,2.59
53,12470844,Kepler-233 c,0.094,2.36
54,12644822,Kepler-682 b,0.55,7.4
55,2713049,Kepler-683 b,0.238,2.06
56,3114167,Kepler-684 b,0.838,2.77
57,4139816,Kepler-235 d,0.556,1.96
58,4139816,Kepler-235 e,0.013,1.83
59,8395660,Kepler-106 d,0.95,1.31
60,4139816,Kepler-235 c,0.708,1.2
61,4275191,Kepler-688 b,0.524,7.34
62,4476123,Kepler-689 b,0.4,2.32
63,3351888,Kepler-685 b,0.076,9.73
64,3641726,Kepler-1727 b,0.024,2.57
65,3832474,Kepler-30 d,0.379,8.9
66,8395660,Kepler-106 b,0.646,0.79
67,3832474,Kepler-30 c,0.224,12.19
68,3832474,Kepler-30 b,0.3619,1.91
69,3935914,Kepler-686 b,0.514,11.3
70,3940418,Kepler-1728 b,0.003,2.5
71,4049131,Kepler-687 b,0.26,3.41
72,4139816,Kepler-235 b,0.466,2.03
73,5358241,Kepler-53 b,0.08,3.12
74,10875245,Kepler-107 c,0.529,1.7
75,5358241,Kepler-53 d,0.949,2.76
76,5358241,Kepler-53 c,0.911,4.02
77,5358624,Kepler-428 b,0.12,11.58
78,4664847,Kepler-690 b,0.517,5.52
79,4725681,Kepler-236 c,0.416,1.8
80,4725681,Kepler-236 b,0.888,1.82
81,4913852,Kepler-691 b,0.573,2.1
82,10875245,Kepler-107 e,0.173,2.89
83,5021899,Kepler-692 b,0.053,3.38
84,5164255,Kepler-693 b,0.692,11.01
85,5252423,Kepler-237 c,0.047,2.11
86,5252423,Kepler-237 b,0.258,1.46
87,5272878,Kepler-694 b,0.524,2.44
88,5651104,Kepler-695 b,0.736,8.99
89,5792202,Kepler-27 b,0.773,5.0
90,10875245,Kepler-107 d,0.706,1.06
91,5792202,Kepler-27 c,0.798,6.5
92,5436502,Kepler-238 e,0.008,7.89
93,5436502,Kepler-238 d,0.014,3.06
94,5436502,Kepler-238 c,0.235,2.32
95,5436502,Kepler-238 b,0.746,1.62
96,10875245,Kepler-107 b,0.196,1.53
97,5436502,Kepler-238 f,0.379,2.67
98,5456651,Kepler-239 b,0.048,2.35
99,5456651,Kepler-239 c,0.7,2.37
100,5531576,Kepler-240 c,0.3,2.25
101,5531576,Kepler-240 b,0.004,1.48
102,6291653,Kepler-702 b,0.644,8.24
103,6392727,Kepler-703 b,0.045,5.39
104,6422070,Kepler-704 b,0.926,2.66
105,6428700,Kepler-242 b,0.823,3.01
106,6428700,Kepler-242 c,0.97,3.01
107,5792202,Kepler-27 d,0.644,2.19
108,5794379,Kepler-241 b,0.427,2.31
109,5794379,Kepler-241 c,0.26,2.64
110,5881688,Kepler-696 b,0.458,6.21
111,6022556,Kepler-697 b,0.023,4.35
112,6032497,Kepler-698 b,0.791,3.75
113,6061119,Kepler-699 b,0.782,13.84
114,6191521,Kepler-700 b,0.527,7.59
115,3531558,Kepler-467 b,0.686,2.29
116,6276477,Kepler-701 b,0.029,2.47
117,6863998,Kepler-709 b,0.867,3.68
118,6948054,Kepler-245 b,0.02,2.56
119,6948054,Kepler-245 d,0.035,3.03
120,6948054,Kepler-245 c,0.594,2.32
121,6435936,Kepler-705 b,0.018,1.94
122,6522242,Kepler-706 b,0.377,11.38
123,6587280,Kepler-243 b,0.348,2.47
124,9471974,Kepler-108 b,0.035,8.2
125,6587280,Kepler-243 c,0.957,2.28
126,6685526,Kepler-707 b,0.128,1.41
127,6784235,Kepler-708 b,0.026,2.62
128,6849310,Kepler-244 b,0.196,3.11
129,6849310,Kepler-244 d,0.383,2.69
130,6849310,Kepler-244 c,0.9,2.67
131,9471974,Kepler-108 c,0.812,7.78
132,7366258,Kepler-82 b,0.03,3.91
133,7366258,Kepler-82 c,0.183,5.51
134,7366258,Kepler-82 e,0.209,2.43
135,7366258,Kepler-82 d,0.479,1.86
136,7373451,Kepler-712 b,0.036,3.07
137,6948054,Kepler-245 e,0.06,1.69
138,6949607,Kepler-28 b,0.17,1.73
139,6949607,Kepler-28 c,0.008,1.65
140,7109675,Kepler-46 b,0.67,8.46
141,7109675,Kepler-46 d,0.429,1.97
142,7118364,Kepler-710 b,0.025,2.36
143,7134976,Kepler-246 b,0.567,2.35
144,7134976,Kepler-246 c,0.387,1.55
145,7135852,Kepler-1729 b,0.705,2.62
146,7287995,Kepler-81 b,0.327,2.33
147,7287995,Kepler-81 c,0.286,2.18
148,7287995,Kepler-81 d,0.706,1.42
149,7303253,Kepler-711 b,0.926,3.16
150,5094751,Kepler-109 b,0.833,2.54
151,7678434,Kepler-716 b,0.537,3.2
152,7678434,Kepler-716 c,0.836,1.78
153,7685981,Kepler-717 b,0.899,2.66
154,7373451,Kepler-712 c,0.731,4.53
155,7434875,Kepler-247 c,0.049,4.16
156,8349582,Kepler-95 b,0.0,3.13
157,7434875,Kepler-247 d,0.497,2.92
158,7434875,Kepler-247 b,0.252,1.74
159,7455287,Kepler-54 b,0.192,1.72
160,7455287,Kepler-54 c,0.014,1.29
161,7455287,Kepler-54 d,0.228,1.3
162,7458762,Kepler-713 b,0.712,2.45
163,757450,Kepler-75 b,0.069,10.51
164,7585481,Kepler-714 b,0.018,8.95
165,7663691,Kepler-715 b,0.862,3.52
166,5812701,Kepler-448 b,0.075,13.16
167,8039892,Kepler-719 b,0.344,6.96
168,8150320,Kepler-55 d,0.69,1.85
169,8150320,Kepler-55 b,0.063,1.9
170,11086270,Kepler-110 b,0.008,2.57
171,7825899,Kepler-248 c,0.043,4.14
172,7825899,Kepler-248 b,0.03,2.96
173,7849854,Kepler-718 b,0.437,13.12
174,7870390,Kepler-83 b,0.09,2.23
175,7870390,Kepler-83 d,0.351,1.66
176,5094751,Kepler-109 c,0.02,2.48
177,7870390,Kepler-83 c,0.886,2.25
178,7907423,Kepler-249 c,0.334,1.16
179,7907423,Kepler-249 b,0.001,0.91
180,7907423,Kepler-249 d,0.115,1.11
181,7938496,Kepler-1730 b,0.791,4.56
182,8490993,Kepler-722 b,0.93,2.85
183,8490993,Kepler-722 c,0.964,3.43
184,8505670,Kepler-252 c,0.21,2.34
185,8505670,Kepler-252 b,0.644,1.18
186,8544996,Kepler-723 b,0.093,10.55
187,8150320,Kepler-55 c,0.045,1.85
188,8150320,Kepler-55 e,0.649,1.62
189,8150320,Kepler-55 f,0.714,1.75
190,8226994,Kepler-250 c,0.45,2.47
191,8226994,Kepler-250 d,0.653,2.43
192,8226994,Kepler-250 b,0.093,1.08
193,8247638,Kepler-251 c,0.395,2.72
194,8247638,Kepler-251 d,0.839,3.14
195,8247638,Kepler-251 b,0.11,1.36
196,11086270,Kepler-110 c,0.125,3.09
197,8247638,Kepler-251 e,0.028,2.64
198,8255887,Kepler-720 b,0.061,10.6
199,8414716,Kepler-721 b,0.314,2.68
200,9141746,Kepler-730 b,0.535,9.66
201,9166862,Kepler-731 b,0.348,13.61
202,11449844,Kepler-468 b,0.003,13.26
203,8628973,Kepler-724 b,0.799,3.94
204,8672910,Kepler-725 b,0.062,10.98
205,8689031,Kepler-726 b,0.751,2.6
206,8689373,Kepler-253 c,0.168,2.53
207,8689373,Kepler-253 d,0.206,2.95
208,8689373,Kepler-253 b,0.691,1.7
209,8826878,Kepler-727 b,0.933,2.94
210,5897826,Kepler-469 b,0.023,20.7
211,8883593,Kepler-728 b,0.001,3.13
212,9077124,Kepler-729 b,0.032,3.82
213,9466668,Kepler-256 c,0.433,2.11
214,9466668,Kepler-256 d,0.341,2.06
215,9466668,Kepler-256 b,0.271,1.57
216,9466668,Kepler-256 e,0.646,2.3
217,9479273,Kepler-734 b,0.041,3.18
218,8359498,Kepler-77 b,0.079,10.43
219,9334289,Kepler-254 b,0.033,4.09
220,9334289,Kepler-254 c,0.021,2.58
221,9334289,Kepler-254 d,0.508,3.05
222,9347899,Kepler-31 b,0.066,5.5
223,9347899,Kepler-31 c,0.142,5.22
224,9347899,Kepler-31 d,0.147,4.0
225,9388479,Kepler-732 b,0.081,2.13
226,9388479,Kepler-732 c,0.009,1.24
227,11359879,Kepler-15 b,0.566,10.62
228,9406990,Kepler-733 b,0.256,2.74
229,9415172,Kepler-255 c,0.035,3.12
230,9415172,Kepler-255 d,0.037,1.45
231,9415172,Kepler-255 b,0.503,1.78
232,3231341,Kepler-24 b,0.965,3.43
233,3231341,Kepler-24 e,1.3,43.17
234,3231341,Kepler-24 d,0.949,2.07
235,7626506,Kepler-112 c,0.068,2.32
236,10482160,Kepler-1739 b,0.185,1.84
237,8559644,Kepler-111 c,0.652,7.67
238,3240158,Kepler-769 b,0.097,2.47
239,3240158,Kepler-769 c,0.533,1.62
240,3218908,Kepler-770 b,0.806,13.92
241,10350571,Kepler-784 b,0.283,1.78
242,3749365,Kepler-785 b,0.337,8.78
243,3632418,Kepler-21 b,0.893,1.69
244,5809890,Kepler-755 b,0.412,1.41
245,5809890,Kepler-755 c,0.698,1.36
246,6131236,Kepler-1734 b,0.62,2.01
247,3218908,Kepler-770 c,0.136,5.88
248,3218908,Kepler-770 d,0.639,7.62
249,2837111,Kepler-771 b,0.314,1.59
250,5956342,Kepler-265 c,0.202,2.54
251,5956342,Kepler-265 b,0.077,1.67
252,5956342,Kepler-265 e,0.027,2.39
253,5956342,Kepler-265 d,0.67,2.39
254,5956656,Kepler-756 b,0.286,1.54
255,3109930,Kepler-1736 b,0.061,2.33
256,2854914,Kepler-268 b,0.014,2.48
257,2854914,Kepler-268 c,0.058,2.73
258,3116412,Kepler-772 b,0.091,2.03
259,8394721,Kepler-79 d,0.065,7.14
260,1161345,Kepler-1973 b,0.374,2.29
261,2854698,Kepler-260 b,0.377,1.92
262,2854698,Kepler-260 c,0.015,1.75
263,8559644,Kepler-111 b,0.426,1.67
264,2849805,Kepler-773 b,0.942,1.68
265,3114811,Kepler-774 b,0.02,3.51
266,3554031,Kepler-415 c,0.063,2.01
267,3554031,Kepler-415 b,0.142,1.23
268,8394721,Kepler-79 c,0.022,3.63
269,7295235,Kepler-743 b,0.171,1.21
270,2302548,Kepler-261 b,0.319,2.18
271,2302548,Kepler-261 c,0.945,2.82
272,9818381,Kepler-43 b,0.424,12.14
273,6060203,Kepler-757 b,0.019,1.14
274,5880320,Kepler-758 b,0.924,2.98
275,5880320,Kepler-758 c,0.621,1.7
276,5880320,Kepler-758 d,0.966,2.96
277,3859079,Kepler-786 b,0.346,2.28
278,4061149,Kepler-1741 b,0.093,1.01
279,3444588,Kepler-787 b,0.181,1.16
280,8394721,Kepler-79 b,0.011,3.39
281,3962243,Kepler-276 c,0.938,3.7
282,10154388,Kepler-744 b,0.392,1.62
283,1432789,Kepler-745 b,0.037,2.41
284,1718189,Kepler-262 c,0.676,1.75
285,5880320,Kepler-758 e,0.815,1.74
286,6037187,Kepler-759 b,0.029,2.02
287,5735762,Kepler-48 b,0.02,1.85
288,6359320,Kepler-269 b,0.043,2.26
289,3859628,Kepler-1740 b,0.926,3.29
290,1718189,Kepler-262 b,0.718,1.45
291,8222813,Kepler-760 b,0.5,2.86
292,6359320,Kepler-269 c,0.357,1.39
293,6362874,Kepler-775 b,0.12,1.16
294,6272413,Kepler-776 b,0.66,1.48
295,3447722,Kepler-275 c,0.648,3.42
296,3447722,Kepler-275 b,0.004,2.2
297,3447722,Kepler-275 d,0.61,3.02
298,2165002,Kepler-263 b,0.164,2.54
299,2165002,Kepler-263 c,0.43,2.18
300,1871056,Kepler-264 b,0.016,3.71
301,8222813,Kepler-760 c,0.574,1.56
302,8240904,Kepler-266 b,0.043,2.98
303,8240904,Kepler-266 c,0.003,4.75
304,5735762,Kepler-48 c,0.194,2.63
305,3962243,Kepler-276 b,0.811,2.73
306,3962243,Kepler-276 d,0.988,4.14
307,3438507,Kepler-788 b,0.573,2.0
308,3869014,Kepler-789 b,0.049,5.99
309,1871056,Kepler-264 c,0.019,3.42
310,1865042,Kepler-746 b,0.076,1.17
311,5780460,Kepler-747 b,0.009,5.17
312,8229696,Kepler-761 b,0.753,1.95
313,10272640,Kepler-762 b,0.053,12.05
314,8346392,Kepler-777 b,0.22,1.38
315,8288947,Kepler-778 b,0.127,1.58
316,9480189,Kepler-257 c,0.137,4.56
317,11974540,Kepler-470 b,0.073,77.76
318,9480189,Kepler-257 b,0.682,2.74
319,9480189,Kepler-257 d,0.8,5.34
320,9512687,Kepler-735 b,0.311,2.9
321,8644288,Kepler-18 c,0.027,4.91
322,1725016,Kepler-748 b,0.03,2.01
323,5446285,Kepler-88 b,0.7699,3.93
324,10166274,Kepler-267 b,0.051,1.65
325,10166274,Kepler-267 c,0.79,2.05
326,10166274,Kepler-267 d,0.035,1.87
327,5735762,Kepler-48 d,0.007,2.0
328,8351704,Kepler-779 b,0.05,0.74
329,9513865,Kepler-736 b,0.021,2.31
330,9605514,Kepler-1666 b,0.054,2.4
331,9605514,Kepler-1666 c,0.008,2.7
332,8125580,Kepler-749 b,0.684,2.04
333,8158127,Kepler-750 b,0.011,4.39
334,10141900,Kepler-763 b,0.332,1.25
335,8410727,Kepler-270 b,0.755,2.07
336,8410727,Kepler-270 c,0.743,1.71
337,8278371,Kepler-780 b,0.132,0.9
338,8280511,Kepler-271 b,0.174,1.22
339,8280511,Kepler-271 c,0.064,0.94
340,9710326,Kepler-737 b,0.009,1.83
341,9761882,Kepler-738 b,0.648,2.37
342,9766437,Kepler-739 b,0.668,3.24
343,9775938,Kepler-258 b,0.568,4.18
344,8644288,Kepler-18 d,0.255,5.94
345,8158127,Kepler-750 c,0.374,2.36
346,8174625,Kepler-751 b,0.871,3.24
347,10157458,Kepler-764 b,0.018,1.52
348,10118816,Kepler-1735 b,0.112,0.9
349,10122255,Kepler-765 b,0.004,2.21
350,3835670,Kepler-473 b,0.036,4.32
351,9775938,Kepler-258 c,0.567,3.05
352,9787239,Kepler-32 b,0.03,1.94
353,9787239,Kepler-32 c,0.017,1.83
354,9787239,Kepler-32 d,0.008,2.17
355,9787239,Kepler-32 e,0.082,1.23
356,9787239,Kepler-32 f,0.162,1.47
357,2716853,Kepler-752 b,0.025,2.7
358,2715135,Kepler-753 b,0.575,1.86
359,8644288,Kepler-18 b,0.741,2.03
360,3247268,Kepler-418 b,0.291,9.83
361,3247268,Kepler-418 c,0.778,5.1
362,10354039,Kepler-1737 b,0.9,5.4
363,10330115,Kepler-781 b,0.812,2.77
364,10426656,Kepler-272 c,0.219,1.94
365,9820483,Kepler-740 b,0.045,4.66
366,9941662,Kepler-13 b,0.512,21.42
367,7778437,Kepler-471 b,0.066,10.63
368,9823457,Kepler-259 b,0.916,3.1
369,9823457,Kepler-259 c,0.838,3.01
370,2164169,Kepler-1732 b,0.934,4.84
371,2574338,Kepler-1733 b,0.067,2.79
372,2584163,Kepler-754 b,0.026,1.64
373,4180280,Kepler-472 b,0.715,3.07
374,2721030,Kepler-766 b,0.015,2.59
375,7626506,Kepler-112 b,0.018,2.28
376,10426656,Kepler-272 d,0.866,2.41
377,10426656,Kepler-272 b,0.349,1.52
378,10528068,Kepler-782 b,0.034,3.08
379,10468940,Kepler-273 b,0.524,1.92
380,9825625,Kepler-741 b,0.015,2.45
381,9875711,Kepler-742 b,0.494,3.67
382,1026957,Kepler-1731 b,0.123,2.53
383,2853093,Kepler-767 b,0.0,8.19
384,3245969,Kepler-768 b,0.732,1.67
385,3231341,Kepler-24 c,0.979,4.12
386,10468940,Kepler-273 c,0.645,2.0
387,10337517,Kepler-783 c,0.899,2.36
388,10337517,Kepler-783 b,0.454,0.68
389,10351231,Kepler-1738 b,0.939,2.8
390,8561063,Kepler-42 b,0.83,0.78
391,8561063,Kepler-42 c,0.81,0.76
392,8561063,Kepler-42 d,0.785,0.66
393,7102227,Kepler-290 c,0.545,2.83
394,7102227,Kepler-290 b,0.694,2.32
395,6960913,Kepler-61 b,0.004,2.19
396,11122894,Kepler-297 c,0.796,6.39
397,11129738,Kepler-844 b,0.891,1.5
398,11401182,Kepler-845 b,0.795,1.79
399,11030711,Kepler-1750 b,0.196,4.68
400,11512246,Kepler-23 b,0.079,1.72
401,6690082,Kepler-280 b,0.368,1.76
402,6690082,Kepler-280 c,0.94,2.96
403,6448890,Kepler-56 c,0.943,11.64
404,6448890,Kepler-56 b,0.034,5.68
405,10730034,Kepler-285 b,0.204,1.38
406,10730034,Kepler-285 c,0.013,1.21
407,10858691,Kepler-286 b,0.015,1.2
408,10858691,Kepler-286 c,0.143,1.29
409,10858691,Kepler-286 d,0.04,1.31
410,8107380,Kepler-476 b,0.568,3.11
411,6936909,Kepler-291 b,0.633,2.18
412,6936909,Kepler-291 c,0.664,2.03
413,6962977,Kepler-292 f,0.269,2.26
414,6962977,Kepler-292 d,0.301,2.13
415,11176127,Kepler-298 b,0.664,2.11
416,11176127,Kepler-298 c,0.805,2.08
417,11176127,Kepler-298 d,0.758,2.63
418,11014932,Kepler-299 c,0.953,2.68
419,8030148,Kepler-474 b,0.477,3.24
420,6693640,Kepler-798 b,0.022,1.98
421,10858691,Kepler-286 e,0.779,1.81
422,10973814,Kepler-287 c,0.807,3.35
423,10973814,Kepler-287 b,0.826,2.88
424,6541920,Kepler-11 g,0.011,3.4
425,10586208,Kepler-811 b,0.711,3.0
426,6962977,Kepler-292 e,0.073,2.11
427,6962977,Kepler-292 c,0.327,1.46
428,6962977,Kepler-292 b,0.16,1.31
429,6932987,Kepler-293 b,0.548,3.04
430,11014932,Kepler-299 d,0.321,1.6
431,11014932,Kepler-299 b,0.043,1.29
432,11014932,Kepler-299 e,0.115,1.77
433,11288505,Kepler-846 b,0.054,2.08
434,11493431,Kepler-847 b,0.047,1.18
435,10854768,Kepler-812 b,0.296,3.07
436,10964440,Kepler-813 b,0.861,4.23
437,10713616,Kepler-1667 b,0.544,6.63
438,10963242,Kepler-814 b,0.083,2.04
439,6932987,Kepler-293 c,0.927,3.88
440,8191672,Kepler-5 b,0.075,14.92
441,6851425,Kepler-477 b,0.72,2.08
442,6934291,Kepler-828 b,0.324,1.55
443,11037335,Kepler-300 c,0.638,2.2
444,11037335,Kepler-300 b,0.967,2.18
445,11389771,Kepler-301 b,0.009,1.28
446,11389771,Kepler-301 d,0.359,1.66
447,10925104,Kepler-114 c,0.26,1.29
448,10585852,Kepler-815 b,0.129,4.26
449,10794087,Kepler-1743 b,0.898,1.43
450,6541920,Kepler-11 b,0.017,1.84
451,7287415,Kepler-1745 b,0.732,2.25
452,6924203,Kepler-829 b,0.075,1.69
453,11389771,Kepler-301 c,0.536,1.38
454,11599038,Kepler-1751 b,0.581,1.61
455,11193263,Kepler-848 b,0.259,1.9
456,11027624,Kepler-849 b,0.336,7.79
457,11032227,Kepler-850 b,0.017,1.59
458,8751933,Kepler-420 b,0.0,9.4
459,8630788,Kepler-281 c,0.825,5.3
460,8630788,Kepler-281 b,0.561,2.22
461,8630788,Kepler-281 d,0.883,4.3
462,4164994,Kepler-816 b,0.407,9.01
463,6766634,Kepler-1746 b,0.873,7.25
464,7211469,Kepler-830 b,0.634,1.74
465,7831264,Kepler-116 b,0.166,3.26
466,7532973,Kepler-854 b,1.228,59.19
467,8678594,Kepler-799 b,0.249,11.21
468,10925104,Kepler-114 b,0.179,1.0
469,8678594,Kepler-799 c,0.906,3.69
470,4076098,Kepler-817 b,0.582,7.45
471,4282872,Kepler-818 b,0.079,4.42
472,7211221,Kepler-831 b,0.742,1.37
473,11356260,Kepler-851 b,0.816,1.9
474,11600889,Kepler-407 b,0.157,1.13
475,11043167,Kepler-852 b,0.481,2.49
476,8612847,Kepler-800 b,0.848,3.02
477,8547140,Kepler-801 b,0.242,1.48
478,4072526,Kepler-819 b,0.017,2.85
479,4455231,Kepler-288 c,0.001,4.0
480,9527915,Kepler-478 b,0.451,2.38
481,11336883,Kepler-853 b,0.573,1.61
482,8564587,Kepler-57 b,0.597,2.41
483,10925104,Kepler-114 d,0.54,2.08
484,8564587,Kepler-57 c,0.03,1.71
485,8806072,Kepler-802 b,0.819,3.43
486,4455231,Kepler-288 b,0.012,2.22
487,4455231,Kepler-288 d,0.298,3.68
488,8972058,Kepler-115 c,0.77,2.78
489,7832356,Kepler-855 b,0.048,8.99
490,9643874,Kepler-856 b,0.495,8.43
491,8800954,Kepler-421 b,0.8495,4.53
492,8583696,Kepler-803 b,0.018,3.88
493,4155328,Kepler-820 b,0.416,9.46
494,4077526,Kepler-58 b,0.416,2.33
495,4077526,Kepler-58 c,0.946,2.94
496,4077526,Kepler-58 d,0.868,2.92
497,8935810,Kepler-1747 b,0.808,3.7
498,2441495,Kepler-479 b,0.594,2.2
499,9455556,Kepler-294 c,0.111,2.54
500,9455556,Kepler-294 b,0.178,1.62
501,3732821,Kepler-790 b,0.941,2.71
502,3962357,Kepler-791 b,0.955,3.45
503,8394721,Kepler-79 e,0.584,3.01
504,8609450,Kepler-282 d,0.007,2.16
505,6541920,Kepler-11 c,0.004,2.88
506,8609450,Kepler-282 e,0.273,2.45
507,8609450,Kepler-282 b,0.037,1.02
508,8609450,Kepler-282 c,0.105,1.1
509,4243911,Kepler-821 b,0.036,1.28
510,4466677,Kepler-822 b,0.33,1.47
511,4135665,Kepler-823 b,0.709,2.28
512,9269281,Kepler-1748 b,0.877,3.0
513,9034103,Kepler-832 b,0.027,2.24
514,9214942,Kepler-833 b,0.034,1.67
515,3749134,Kepler-792 b,0.117,1.85
516,3660924,Kepler-793 b,0.257,1.44
517,3939150,Kepler-277 b,0.764,3.14
518,8628758,Kepler-804 b,0.035,1.94
519,8628758,Kepler-804 c,0.122,1.08
520,8742590,Kepler-1742 b,0.048,1.88
521,8822366,Kepler-805 b,0.907,3.01
522,8972058,Kepler-115 b,0.918,1.24
523,4650674,Kepler-824 b,0.118,1.84
524,4275721,Kepler-825 b,0.0,1.29
525,4275721,Kepler-825 c,0.655,1.77
526,8874090,Kepler-834 b,0.073,1.26
527,11666881,Kepler-480 b,0.243,2.86
528,9264949,Kepler-835 b,0.947,3.32
529,9271752,Kepler-836 b,0.734,2.6
530,9150827,Kepler-1749 b,0.766,1.36
531,3939150,Kepler-277 c,0.39,3.13
532,3839488,Kepler-794 b,0.01,2.06
533,3442055,Kepler-795 b,0.046,1.74
534,12252424,Kepler-113 c,0.74,2.36
535,8700771,Kepler-806 b,0.951,1.44
536,6541920,Kepler-11 d,0.023,3.2
537,4136466,Kepler-826 b,0.532,1.37
538,9391208,Kepler-837 b,0.96,2.94
539,9391506,Kepler-838 b,0.637,2.77
540,8950853,Kepler-839 b,0.845,3.04
541,9006449,Kepler-295 b,0.931,1.55
542,9006449,Kepler-295 c,0.804,1.36
543,9006449,Kepler-295 d,0.961,1.74
544,4043190,Kepler-796 b,0.861,1.91
545,3640905,Kepler-278 b,0.802,4.54
546,3640905,Kepler-278 c,0.498,3.66
547,10790387,Kepler-807 b,0.615,10.36
548,7303287,Kepler-289 c,0.101,12.37
549,7303287,Kepler-289 b,0.87,2.67
550,11512246,Kepler-23 c,0.034,3.06
551,11517719,Kepler-840 b,0.133,15.75
552,12252424,Kepler-113 b,0.672,2.0
553,10874614,Kepler-6 b,0.079,13.06
554,6541920,Kepler-11 e,0.69,4.12
555,7211141,Kepler-827 b,0.398,8.49
556,5084942,Kepler-475 b,0.799,2.68
557,11497958,Kepler-296 c,0.026,1.38
558,11497958,Kepler-296 d,0.217,1.52
559,11512246,Kepler-23 d,0.153,2.17
560,10604335,Kepler-283 b,0.025,2.15
561,10604335,Kepler-283 c,0.019,1.87
562,10864656,Kepler-432 b,0.11,12.41
563,10975146,Kepler-808 b,0.726,1.2
564,10538176,Kepler-284 b,0.663,2.62
565,6946199,Kepler-1744 b,0.41,3.19
566,11497958,Kepler-296 b,0.763,1.14
567,11177707,Kepler-841 b,0.017,10.3
568,11611600,Kepler-842 b,0.067,1.51
569,11254382,Kepler-843 b,0.282,2.74
570,11122894,Kepler-297 b,0.028,2.81
571,6677841,Kepler-279 c,0.878,5.47
572,6677841,Kepler-279 b,0.847,3.82
573,6677841,Kepler-279 d,0.9414,3.2
574,6383821,Kepler-797 b,0.015,2.18
575,10538176,Kepler-284 c,0.366,2.68
576,10724369,Kepler-809 b,0.811,3.13
577,6541920,Kepler-11 f,0.217,2.52
578,10744335,Kepler-810 b,0.033,1.69
579,4860678,Kepler-1758 b,0.002,2.53
580,5177104,Kepler-904 b,0.349,1.31
581,8230616,Kepler-316 b,0.461,1.22
582,9836959,Kepler-1766 b,0.954,2.29
583,9838949,Kepler-935 b,0.227,1.55
584,9895006,Kepler-936 b,0.963,2.43
585,9896558,Kepler-937 b,0.354,3.39
586,9589323,Kepler-861 b,0.049,2.32
587,9823487,Kepler-1753 b,0.49,2.24
588,9726659,Kepler-862 b,0.652,2.15
589,5371776,Kepler-304 b,0.267,2.81
590,5371776,Kepler-304 d,0.149,2.41
591,5371776,Kepler-304 c,0.718,2.33
592,9573539,Kepler-484 b,0.075,2.19
593,5371776,Kepler-304 e,0.331,1.09
594,9886661,Kepler-905 b,0.063,1.4
595,10055126,Kepler-311 b,0.107,1.66
596,10055126,Kepler-311 c,0.732,1.61
597,5009743,Kepler-906 b,0.002,2.03
598,10015937,Kepler-1767 b,0.956,3.59
599,10019065,Kepler-938 b,0.311,3.68
600,7950644,Kepler-427 b,0.049,13.43
601,10080248,Kepler-939 b,0.749,1.63
602,10213902,Kepler-940 b,0.873,3.63
603,11821363,Kepler-1754 b,0.252,2.04
604,7629518,Kepler-863 b,0.266,2.74
605,10810838,Kepler-482 b,0.835,2.59
606,10963065,Kepler-408 b,0.548,0.69
607,6268648,Kepler-907 b,0.858,1.31
608,5357901,Kepler-425 b,0.321,10.07
609,4278221,Kepler-908 b,0.007,1.16
610,10214162,Kepler-941 b,0.927,3.29
611,10905746,Kepler-1651 b,0.019,1.6
612,8242434,Kepler-942 b,0.11,2.0
613,6185331,Kepler-943 b,0.655,5.12
614,9636135,Kepler-864 b,0.742,2.98
615,7841925,Kepler-865 b,0.027,2.35
616,5219234,Kepler-305 b,0.812,3.24
617,5219234,Kepler-305 c,0.929,3.21
618,5219234,Kepler-305 e,0.512,1.7
619,5219234,Kepler-305 d,0.578,2.56
620,9015738,Kepler-909 b,0.908,1.66
621,7215603,Kepler-910 b,0.146,0.82
622,5561278,Kepler-911 b,0.05,2.41
623,6387542,Kepler-912 b,0.878,2.02
624,6869184,Kepler-944 b,0.034,2.42
625,6604328,Kepler-945 b,0.151,2.72
626,7439316,Kepler-866 b,0.146,1.57
627,12400538,Kepler-867 b,0.345,4.6
628,5184584,Kepler-891 b,0.092,5.82
629,5438099,Kepler-306 c,0.507,2.14
630,5438099,Kepler-306 b,0.88,1.82
631,6543893,Kepler-913 b,0.298,5.75
632,6543893,Kepler-913 c,0.107,3.7
633,6975129,Kepler-312 c,0.595,2.62
634,11391018,Kepler-486 b,0.359,10.99
635,8685497,Kepler-914 b,0.814,1.51
636,4365645,Kepler-1671 b,0.168,1.07
637,8197343,Kepler-946 b,0.034,2.41
638,6786348,Kepler-947 b,0.006,2.2
639,6209677,Kepler-948 b,0.353,1.35
640,9813499,Kepler-868 b,0.97,2.53
641,12254792,Kepler-869 b,0.872,2.92
642,12020218,Kepler-870 b,0.092,2.52
643,7690844,Kepler-871 b,0.837,3.05
644,5438099,Kepler-306 d,0.756,2.23
645,5438099,Kepler-306 e,0.864,2.75
646,8009350,Kepler-892 b,0.836,2.81
647,8082001,Kepler-893 b,0.907,3.31
648,9277896,Kepler-915 b,0.953,1.85
649,9401997,Kepler-916 b,0.207,1.9
650,10686864,Kepler-917 b,0.379,1.7
651,9631995,Kepler-422 b,0.306,12.63
652,7901948,Kepler-872 b,0.625,1.63
653,6442377,Kepler-483 b,0.77,3.49
654,10004519,Kepler-894 b,0.663,2.99
655,5031857,Kepler-1755 b,0.039,4.22
656,10879038,Kepler-918 b,0.943,1.72
657,10990917,Kepler-919 b,0.064,1.8
658,11046025,Kepler-1759 b,0.341,0.99
659,9729691,Kepler-949 b,0.029,2.92
660,10904857,Kepler-488 b,0.784,14.16
661,8651389,Kepler-1768 b,0.46,2.57
662,7871954,Kepler-303 b,0.105,0.87
663,7871954,Kepler-303 c,0.845,1.23
664,12418724,Kepler-873 b,0.795,3.19
665,7456001,Kepler-874 b,0.029,3.1
666,10028792,Kepler-87 b,0.595,12.28
667,10028792,Kepler-87 c,0.876,6.47
668,5299459,Kepler-307 b,0.682,3.01
669,11153121,Kepler-313 b,0.352,2.53
670,11153121,Kepler-313 c,0.608,2.31
671,11177543,Kepler-1760 b,0.963,2.43
672,11337141,Kepler-1761 b,0.984,1.75
673,3967760,Kepler-317 b,0.492,2.25
674,3967760,Kepler-317 c,0.504,1.91
675,7549209,Kepler-875 b,0.918,2.58
676,7663405,Kepler-876 b,0.031,1.55
677,9765975,Kepler-877 b,0.832,2.5
678,9818462,Kepler-878 b,0.577,1.95
679,6803202,Kepler-1711 b,0.176,1.78
680,5299459,Kepler-307 c,0.701,2.71
681,9651668,Kepler-423 b,0.076,12.73
682,12506770,Kepler-895 b,0.043,1.41
683,11337372,Kepler-920 b,0.83,3.09
684,11337833,Kepler-921 b,0.003,2.07
685,11547505,Kepler-922 b,0.054,1.58
686,11502867,Kepler-426 b,0.638,11.38
687,9909735,Kepler-318 b,0.485,3.86
688,9909735,Kepler-318 c,0.875,3.48
689,11551692,Kepler-411 c,0.714,3.47
690,11551692,Kepler-411 b,0.844,2.2
691,12266636,Kepler-879 b,0.562,2.48
692,7869917,Kepler-880 b,0.899,4.65
693,9824805,Kepler-881 b,0.941,1.71
694,7939330,Kepler-896 b,0.887,3.06
695,12602568,Kepler-897 b,0.937,2.33
696,9941066,Kepler-898 b,0.642,1.44
697,5972334,Kepler-487 b,0.487,10.89
698,4650733,Kepler-1762 b,0.213,2.51
699,7831264,Kepler-116 c,0.751,2.47
700,7691260,Kepler-882 b,0.085,0.93
701,9821454,Kepler-59 c,0.721,1.58
702,9821454,Kepler-59 b,0.73,1.09
703,11954842,Kepler-883 b,0.046,1.64
704,5470739,Kepler-899 b,0.004,2.4
705,10022908,Kepler-900 b,0.74,1.95
706,5617854,Kepler-901 b,0.742,1.42
707,4932442,Kepler-923 b,0.904,1.7
708,5183357,Kepler-924 b,0.071,3.38
709,5269467,Kepler-925 b,0.787,2.31
710,11764462,Kepler-884 b,0.007,1.16
711,11656246,Kepler-885 b,0.896,2.49
712,7808587,Kepler-886 b,0.029,1.6
713,4741126,Kepler-887 b,0.059,1.78
714,5301750,Kepler-84 b,0.911,2.86
715,5301750,Kepler-84 c,0.962,3.15
716,5301750,Kepler-84 e,0.603,2.56
717,5301750,Kepler-84 d,0.823,1.6
718,5301750,Kepler-84 f,0.689,2.29
719,5526717,Kepler-926 b,0.275,2.92
720,5972334,Kepler-487 d,0.018,2.25
721,6034945,Kepler-927 b,0.675,1.78
722,8692861,Kepler-69 b,0.009,2.23
723,9480310,Kepler-1668 b,0.707,4.3
724,4741126,Kepler-887 c,0.405,1.12
725,11669125,Kepler-888 b,0.026,1.63
726,12159249,Kepler-889 b,0.169,1.1
727,5542466,Kepler-1756 b,0.5,1.34
728,10028140,Kepler-1757 b,0.955,2.83
729,6049190,Kepler-1764 b,0.031,3.46
730,6198999,Kepler-928 b,0.416,1.65
731,6310636,Kepler-929 b,0.025,1.62
732,6616218,Kepler-314 c,0.8,2.85
733,7761545,Kepler-857 b,0.052,6.31
734,12365184,Kepler-419 b,0.019,11.65
735,4770365,Kepler-1669 c,0.016,1.57
736,4770365,Kepler-1669 b,0.133,1.99
737,10748390,Kepler-3 b,0.054,4.82
738,11804465,Kepler-12 b,0.069,18.05
739,9663113,Kepler-458 c,0.431,4.24
740,5289854,Kepler-308 b,0.293,2.08
741,5289854,Kepler-308 c,0.015,2.14
742,10006581,Kepler-902 b,0.016,3.11
743,6616218,Kepler-314 b,0.575,0.84
744,7220429,Kepler-931 b,0.821,1.54
745,12406749,Kepler-1752 b,0.906,5.04
746,8692861,Kepler-69 c,0.173,1.73
747,12403119,Kepler-858 b,0.044,4.78
748,10027323,Kepler-309 b,0.045,0.99
749,10027323,Kepler-309 c,0.75,1.87
750,12019440,Kepler-485 b,0.117,12.91
751,10004738,Kepler-310 c,0.862,3.22
752,10004738,Kepler-310 d,0.917,2.64
753,7304449,Kepler-1650 b,0.932,1.0
754,7386827,Kepler-1765 b,0.856,3.17
755,7522911,Kepler-1670 b,0.943,2.8
756,7626370,Kepler-932 b,0.919,1.77
757,7703955,Kepler-315 b,0.948,4.01
758,7512982,Kepler-859 b,0.295,3.16
759,9597806,Kepler-860 b,0.027,2.84
760,9663113,Kepler-458 b,0.712,5.8
761,10004738,Kepler-310 b,0.912,1.4
762,5474613,Kepler-1659 c,0.986,2.9
763,5438757,Kepler-903 b,0.79,1.97
764,5438757,Kepler-903 c,0.928,2.75
765,5972334,Kepler-487 c,0.038,2.07
766,7815744,Kepler-933 b,0.011,1.9
767,7955580,Kepler-934 b,0.274,2.19
768,8230616,Kepler-316 c,0.336,1.34
769,7898352,Kepler-302 c,0.827,12.04
770,11402995,Kepler-481 b,0.672,2.58
771,7898352,Kepler-302 b,0.011,3.65
772,7951018,Kepler-890 b,0.344,8.76
773,7747425,Kepler-341 e,0.361,2.03
774,9892816,Kepler-342 b,0.917,2.47
775,9892816,Kepler-342 d,0.967,2.8
776,9836149,Kepler-66 b,0.911,3.12
777,4813563,Kepler-1026 b,0.787,2.55
778,2985767,Kepler-1063 b,0.544,2.08
779,2304320,Kepler-1064 b,0.688,1.57
780,3657758,Kepler-1065 b,0.408,3.26
781,9790806,Kepler-1066 b,0.861,2.25
782,6382217,Kepler-353 c,0.905,1.8
783,5375194,Kepler-964 b,0.216,2.11
784,6468138,Kepler-965 b,0.001,3.43
785,10019708,Kepler-490 b,0.065,16.91
786,11875734,Kepler-966 b,0.828,3.94
787,7046804,Kepler-492 b,0.623,7.94
788,7449136,Kepler-1002 b,0.641,1.75
789,8680979,Kepler-330 c,0.314,2.18
790,8680979,Kepler-330 b,0.161,1.35
791,9030537,Kepler-1674 b,0.842,3.54
792,6949061,Kepler-343 b,0.558,2.17
793,7269493,Kepler-1027 b,0.41,0.91
794,11657891,Kepler-1028 b,0.247,1.27
795,6305192,Kepler-494 b,0.454,7.79
796,6382217,Kepler-353 b,0.714,1.05
797,8950568,Kepler-85 b,0.489,1.69
798,3326377,Kepler-967 b,0.013,2.22
799,11601584,Kepler-324 c,0.273,2.6
800,11601584,Kepler-324 b,0.335,1.15
801,11601584,Kepler-324 d,0.319,1.1
802,11601584,Kepler-324 e,0.924,1.97
803,8689793,Kepler-1003 b,0.331,1.29
804,11673802,Kepler-1004 b,0.474,7.1
805,4263293,Kepler-331 b,0.209,1.87
806,4263293,Kepler-331 c,0.206,2.04
807,4263293,Kepler-331 d,0.256,1.84
808,5695524,Kepler-1774 b,0.899,3.17
809,6205897,Kepler-1029 b,0.971,1.57
810,7948784,Kepler-1778 b,0.921,3.15
811,9244756,Kepler-1779 b,0.716,3.26
812,9650808,Kepler-344 b,0.483,2.57
813,9650808,Kepler-344 c,0.065,2.89
814,8950568,Kepler-85 c,0.596,1.88
815,8950568,Kepler-85 d,0.832,1.39
816,8950568,Kepler-85 e,0.599,1.19
817,8804845,Kepler-1067 c,0.1,1.48
818,10480915,Kepler-1785 b,0.964,3.09
819,11709244,Kepler-325 b,0.731,3.0
820,11709244,Kepler-325 c,0.955,3.18
821,11709244,Kepler-325 d,0.691,2.62
822,11853878,Kepler-968 b,0.775,1.74
823,5728139,Kepler-433 b,0.045,13.08
824,7668663,Kepler-1005 b,0.92,1.87
825,7047922,Kepler-1006 b,0.924,2.81
826,9353314,Kepler-1007 b,0.021,1.15
827,3629967,Kepler-1775 b,0.012,3.56
828,9347009,Kepler-1030 b,0.009,2.26
829,4917596,Kepler-1032 b,0.203,1.49
830,11046458,Kepler-424 b,0.905,9.06
831,7132798,Kepler-119 b,0.058,3.55
832,3448130,Kepler-1786 b,0.044,3.55
833,9656252,Kepler-1068 b,0.515,3.4
834,6026438,Kepler-354 b,0.788,2.01
835,9471268,Kepler-326 c,0.384,1.38
836,9471268,Kepler-326 b,0.004,1.25
837,9471268,Kepler-326 d,0.648,1.31
838,10657406,Kepler-969 b,0.815,2.37
839,5526527,Kepler-970 b,0.9,2.73
840,8766650,Kepler-1008 b,0.663,1.3
841,10328393,Kepler-332 b,0.237,1.21
842,7094486,Kepler-1009 b,0.035,1.75
843,7289577,Kepler-1780 b,0.149,3.04
844,8543100,Kepler-1033 b,0.022,2.4
845,2693736,Kepler-1034 b,0.029,2.37
846,9412760,Kepler-345 c,0.946,1.69
847,9412760,Kepler-345 b,0.434,0.79
848,6026438,Kepler-354 d,0.45,1.5
849,10663396,Kepler-1069 b,0.153,3.26
850,11457726,Kepler-1070 b,0.838,1.59
851,8956206,Kepler-1071 b,0.175,2.12
852,9649706,Kepler-1072 b,0.097,1.68
853,5856571,Kepler-971 b,0.359,3.93
854,7765528,Kepler-972 b,0.956,4.67
855,11760231,Kepler-973 b,0.764,2.12
856,7779077,Kepler-1770 b,0.688,3.08
857,6046540,Kepler-74 b,0.568,14.31
858,5706966,Kepler-333 b,0.519,1.34
859,3762468,Kepler-493 b,0.338,10.96
860,5706966,Kepler-333 c,0.376,1.16
861,10130039,Kepler-334 c,0.011,1.49
862,10130039,Kepler-334 b,0.074,1.15
863,9518318,Kepler-346 b,0.882,3.09
864,9518318,Kepler-346 c,0.88,3.37
865,7273277,Kepler-1035 b,0.868,1.38
866,11769890,Kepler-1036 b,0.872,2.7
867,6862721,Kepler-1781 b,0.147,2.45
868,12301181,Kepler-1076 b,0.188,0.79
869,9279354,Kepler-1788 b,0.806,2.13
870,6774880,Kepler-1077 b,0.88,2.75
871,3937519,Kepler-495 b,0.046,6.62
872,7449541,Kepler-1078 b,0.897,1.56
873,5080636,Kepler-974 b,0.863,1.57
874,3338885,Kepler-975 b,0.859,3.97
875,6776401,Kepler-977 b,0.01,2.65
876,10130039,Kepler-334 d,0.814,1.59
877,8226050,Kepler-1010 b,0.677,2.44
878,9965957,Kepler-1011 b,0.921,3.14
879,9704384,Kepler-1012 b,0.879,1.49
880,8426567,Kepler-1013 b,0.583,4.41
881,10094670,Kepler-1677 b,0.941,2.67
882,8142942,Kepler-1782 b,0.888,2.24
883,8257205,Kepler-1038 b,0.808,3.61
884,9044228,Kepler-1039 b,0.731,3.21
885,7265298,Kepler-355 c,0.327,2.66
886,7265298,Kepler-355 b,0.405,1.45
887,7132798,Kepler-119 c,0.253,0.88
888,2307415,Kepler-356 c,0.807,1.99
889,7430034,Kepler-978 b,0.939,3.33
890,9735426,Kepler-979 b,0.744,2.94
891,8826168,Kepler-980 b,0.493,2.17
892,10464050,Kepler-981 b,0.494,2.26
893,9763348,Kepler-982 b,0.035,2.72
894,9101496,Kepler-335 b,0.643,3.07
895,6037581,Kepler-336 d,0.665,2.42
896,10723750,Kepler-117 c,0.058,10.6
897,6037581,Kepler-336 c,0.063,2.08
898,6037581,Kepler-336 b,0.248,1.01
899,10779233,Kepler-1040 b,0.001,2.28
900,11614617,Kepler-1041 b,0.896,2.44
901,11450414,Kepler-347 b,0.738,2.88
902,4736569,Kepler-1042 b,0.03,1.67
903,10384798,Kepler-1043 b,0.654,2.45
904,2307415,Kepler-356 b,0.755,1.6
905,3128552,Kepler-1073 b,0.203,2.56
906,10134152,Kepler-1787 b,0.006,2.07
907,9573685,Kepler-1074 b,0.229,1.12
908,10329835,Kepler-1075 b,0.942,1.26
909,6849046,Kepler-491 b,0.074,9.0
910,8804397,Kepler-983 b,0.79,2.4
911,9662811,Kepler-984 b,0.882,2.5
912,11297236,Kepler-1771 b,0.724,2.51
913,10074466,Kepler-1776 b,0.927,2.97
914,8218379,Kepler-1014 b,0.55,2.03
915,7755636,Kepler-1015 b,0.013,3.71
916,9411166,Kepler-1016 b,0.673,2.38
917,4989057,Kepler-1017 b,0.032,1.78
918,9834040,Kepler-1044 b,0.026,2.5
919,6152974,Kepler-118 c,0.334,6.24
920,8802693,Kepler-1045 b,0.674,2.45
921,6061773,Kepler-1783 b,0.261,2.46
922,10024701,Kepler-1046 b,0.927,2.05
923,3239671,Kepler-1678 b,0.034,3.33
924,9304101,Kepler-1079 b,0.498,1.77
925,11360571,Kepler-1080 b,0.837,3.7
926,6035124,Kepler-1081 b,0.466,0.93
927,8160953,Kepler-985 b,0.032,3.26
928,4157325,Kepler-416 b,0.775,2.71
929,4157325,Kepler-416 c,0.779,2.61
930,9955598,Kepler-409 b,0.821,1.11
931,10723750,Kepler-117 b,0.695,7.39
932,5770074,Kepler-1675 b,0.021,2.59
933,10136549,Kepler-337 c,0.734,1.89
934,12154526,Kepler-1047 b,0.873,2.56
935,6665512,Kepler-1048 b,0.771,1.48
936,10525027,Kepler-1049 b,0.44,0.81
937,11069176,Kepler-1050 b,0.359,2.94
938,10005758,Kepler-1662 b,0.924,10.52
939,5864975,Kepler-950 b,0.588,6.99
940,2975770,Kepler-951 b,0.066,5.76
941,7877496,Kepler-412 b,0.725,13.25
942,7286173,Kepler-986 b,0.019,2.37
943,11126381,Kepler-1673 b,0.078,2.71
944,4149450,Kepler-1772 b,0.954,1.54
945,10136549,Kepler-337 b,0.663,1.39
946,5511081,Kepler-338 b,0.025,2.38
947,5511081,Kepler-338 c,0.146,2.3
948,5511081,Kepler-338 d,0.025,2.61
949,5511081,Kepler-338 e,0.455,1.56
950,10978763,Kepler-339 b,0.474,1.75
951,11069176,Kepler-1050 c,0.36,2.88
952,6152974,Kepler-118 b,0.13,1.42
953,5631630,Kepler-1051 b,0.02,3.25
954,6504954,Kepler-952 b,0.675,7.7
955,9410930,Kepler-41 b,0.554,10.05
956,10676014,Kepler-954 b,0.502,2.25
957,9520838,Kepler-987 b,0.027,3.18
958,8167996,Kepler-327 b,0.047,1.11
959,8167996,Kepler-327 d,0.901,2.04
960,8167996,Kepler-327 c,0.187,1.04
961,6773862,Kepler-988 b,0.627,1.93
962,10978763,Kepler-339 d,0.31,1.41
963,10978763,Kepler-339 c,0.024,1.39
964,5202905,Kepler-340 c,0.279,3.36
965,9072190,Kepler-1018 b,0.52,3.28
966,5384079,Kepler-348 b,0.631,1.68
967,9839821,Kepler-1052 b,0.493,2.4
968,4056616,Kepler-1053 b,0.221,0.97
969,8492026,Kepler-1054 b,0.894,1.95
970,11017901,Kepler-447 b,1.06,16.51
971,5088591,Kepler-955 b,0.001,3.11
972,11298298,Kepler-956 b,0.847,2.84
973,10187159,Kepler-989 b,0.189,2.44
974,10619192,Kepler-17 b,0.105,14.48
975,4939346,Kepler-328 c,0.035,4.94
976,10190777,Kepler-1019 b,0.851,1.71
977,9651234,Kepler-1020 b,0.541,2.37
978,7045496,Kepler-1021 b,0.025,1.96
979,8750043,Kepler-1055 b,0.16,1.18
980,9973109,Kepler-1056 b,0.664,2.11
981,6226290,Kepler-1057 b,0.133,2.66
982,9595827,Kepler-71 b,0.131,12.78
983,9349482,Kepler-1058 b,0.729,2.11
984,4644952,Kepler-319 c,0.871,2.96
985,2987027,Kepler-489 b,0.085,7.31
986,4644952,Kepler-319 d,0.17,2.08
987,4644952,Kepler-319 b,0.732,1.76
988,8978528,Kepler-329 c,0.405,1.93
989,8978528,Kepler-329 b,0.476,1.24
990,9967771,Kepler-990 b,0.786,2.85
991,11622600,Kepler-991 b,0.033,2.45
992,10454632,Kepler-992 b,0.941,1.75
993,10005788,Kepler-1022 b,0.265,1.71
994,2438513,Kepler-1777 b,0.746,2.59
995,6356207,Kepler-1059 b,0.287,1.7
996,8564674,Kepler-349 b,0.048,1.92
997,8564674,Kepler-349 c,0.116,1.9
998,8578780,Kepler-1784 b,0.232,2.4
999,4544907,Kepler-1060 b,0.834,2.62
1000,7761918,Kepler-1769 b,0.015,3.81
1001,8240797,Kepler-321 c,0.86,2.2
1002,8240797,Kepler-321 b,0.484,1.46
1003,9455325,Kepler-958 b,0.916,2.54
1004,3098810,Kepler-1773 b,0.949,3.44
1005,8367644,Kepler-993 b,0.656,3.34
1006,10332883,Kepler-994 b,0.029,1.28
1007,9305831,Kepler-44 b,0.475,12.4
1008,11656918,Kepler-1023 b,0.699,5.14
1009,4636578,Kepler-350 c,0.849,3.29
1010,4636578,Kepler-350 d,0.187,2.8
1011,4636578,Kepler-350 b,0.541,1.81
1012,11923284,Kepler-1061 b,0.875,1.69
1013,5621125,Kepler-959 b,0.367,17.38
1014,9872283,Kepler-960 b,0.603,5.12
1015,7870032,Kepler-961 b,0.516,2.54
1016,9597058,Kepler-962 b,0.548,1.96
1017,4035640,Kepler-995 b,0.01,2.93
1018,6205228,Kepler-996 b,0.24,2.13
1019,11758544,Kepler-997 b,0.007,1.36
1020,3118797,Kepler-1024 b,0.371,3.44
1021,7747425,Kepler-341 c,0.045,1.88
1022,7747425,Kepler-341 d,0.519,2.04
1023,7747425,Kepler-341 b,0.054,1.18
1024,7102316,Kepler-351 c,0.022,3.19
1025,7102316,Kepler-351 b,0.884,3.19
1026,9489524,Kepler-352 c,0.893,1.61
1027,9489524,Kepler-352 b,0.061,0.92
1028,5940165,Kepler-1062 b,0.488,1.67
1029,8277797,Kepler-322 c,0.053,1.63
1030,8277797,Kepler-322 b,0.226,0.97
1031,5124667,Kepler-1672 b,0.022,4.37
1032,2989404,Kepler-323 c,0.74,1.62
1033,2989404,Kepler-323 b,0.91,1.57
1034,11413812,Kepler-998 b,0.439,1.82
1035,9549648,Kepler-999 b,0.905,2.75
1036,10063802,Kepler-1000 b,0.58,4.54
1037,11074178,Kepler-1001 b,0.924,3.05
1038,11074178,Kepler-1001 c,0.971,2.17
1039,5942808,Kepler-1814 b,0.86,3.15
1040,6206214,Kepler-1158 b,0.219,2.32
1041,8959839,Kepler-1159 b,0.032,1.72
1042,7672097,Kepler-1160 b,0.107,1.81
1043,5599774,Kepler-1195 b,0.628,2.14
1044,8099138,Kepler-1196 b,0.877,2.72
1045,7033233,Kepler-1197 b,0.009,1.12
1046,6383785,Kepler-501 c,0.007,1.62
1047,9411412,Kepler-1096 b,0.806,1.31
1048,7008211,Kepler-1097 b,0.015,2.95
1049,7620413,Kepler-1098 b,0.215,1.26
1050,4545187,Kepler-121 b,0.786,2.65
1051,10854546,Kepler-1099 b,0.207,2.41
1052,11774991,Kepler-367 b,0.533,1.21
1053,11774991,Kepler-367 c,0.769,1.16
1054,8261920,Kepler-1802 c,0.791,2.05
1055,8261920,Kepler-1802 b,0.954,1.71
1056,9112931,Kepler-1161 b,0.72,2.02
1057,9071593,Kepler-1162 b,0.371,2.05
1058,8126558,Kepler-1815 b,0.091,2.46
1059,11811193,Kepler-1163 b,0.391,1.05
1060,3734418,Kepler-1164 b,0.331,1.11
1061,8681734,Kepler-1198 b,0.045,1.47
1062,10212441,Kepler-1199 b,0.022,1.51
1063,8247771,Kepler-1200 b,0.221,0.98
1064,8165946,Kepler-1100 b,0.281,1.25
1065,12017109,Kepler-1679 b,0.295,1.87
1066,9225395,Kepler-1101 b,0.013,2.55
1067,10709622,Kepler-1102 b,0.582,3.06
1068,11499228,Kepler-1103 b,0.954,2.58
1069,9022166,Kepler-368 b,0.457,3.2
1070,10965588,Kepler-1132 b,0.632,2.5
1071,10670119,Kepler-369 c,0.018,1.59
1072,10670119,Kepler-369 b,0.748,1.42
1073,8491277,Kepler-498 b,0.604,3.27
1074,8613535,Kepler-1165 c,0.282,1.91
1075,12256520,Kepler-1166 b,0.231,1.51
1076,5629538,Kepler-1201 b,0.839,1.94
1077,8561231,Kepler-1202 b,0.922,2.69
1078,8235924,Kepler-1203 b,0.403,0.99
1079,6941084,Kepler-1204 b,0.033,2.94
1080,6200235,Kepler-1205 b,0.846,1.98
1081,11460462,Kepler-1104 b,0.96,1.55
1082,8612275,Kepler-360 b,0.052,1.37
1083,8612275,Kepler-360 c,0.892,2.19
1084,7207061,Kepler-417 c,0.022,2.62
1085,4545187,Kepler-121 c,0.878,2.64
1086,7286911,Kepler-1133 b,0.874,2.11
1087,8591173,Kepler-1804 b,0.632,3.22
1088,6962109,Kepler-1134 b,0.298,2.31
1089,5706595,Kepler-370 c,0.698,2.04
1090,5706595,Kepler-370 b,0.055,1.35
1091,10489345,Kepler-1167 b,0.023,1.6
1092,10329469,Kepler-1168 b,0.031,2.13
1093,9717943,Kepler-1169 b,0.284,0.93
1094,8026752,Kepler-502 b,0.757,4.14
1095,1872821,Kepler-1828 b,0.125,1.68
1096,8013439,Kepler-381 c,0.539,1.58
1097,8013439,Kepler-381 b,0.237,1.39
1098,8013439,Kepler-381 d,0.816,1.49
1099,7207061,Kepler-417 b,0.011,2.34
1100,6921944,Kepler-1105 b,0.869,2.19
1101,9532052,Kepler-67 b,0.122,2.69
1102,8164012,Kepler-1106 b,0.4,2.44
1103,4140813,Kepler-1795 b,0.534,1.84
1104,8611781,Kepler-1135 b,0.638,2.09
1105,5601258,Kepler-1805 b,0.047,1.15
1106,7960980,Kepler-1170 b,0.005,2.48
1107,8107225,Kepler-499 b,0.455,2.04
1108,3458028,Kepler-1171 b,0.207,2.67
1109,3342794,Kepler-376 c,0.869,2.39
1110,3342794,Kepler-376 b,0.242,1.18
1111,5716932,Kepler-1830 b,0.707,4.43
1112,11288051,Kepler-124 c,0.904,2.2
1113,11566256,Kepler-1831 b,0.227,2.07
1114,8495415,Kepler-1208 b,0.819,2.5
1115,4055304,Kepler-1107 b,0.876,1.65
1116,4857213,Kepler-1680 b,0.917,1.75
1117,9415108,Kepler-1108 b,0.115,1.74
1118,4262581,Kepler-1109 b,0.008,5.37
1119,8591693,Kepler-1796 b,0.018,2.19
1120,4833421,Kepler-122 c,0.209,5.65
1121,8282651,Kepler-1136 b,0.009,1.53
1122,3548044,Kepler-371 b,0.731,1.75
1123,11401767,Kepler-372 c,0.939,2.63
1124,10909127,Kepler-1138 b,0.793,1.69
1125,3661886,Kepler-377 c,0.009,2.0
1126,3661886,Kepler-377 b,0.626,1.54
1127,2439243,Kepler-1172 b,0.704,4.53
1128,9221517,Kepler-1173 b,0.705,0.93
1129,6751874,Kepler-1174 b,0.061,2.13
1130,10863608,Kepler-1210 b,0.271,1.53
1131,5602588,Kepler-1211 b,0.883,2.64
1132,11288051,Kepler-124 d,0.958,1.51
1133,9405595,Kepler-1797 b,0.94,2.98
1134,3546060,Kepler-1110 b,0.534,2.12
1135,4144576,Kepler-1139 b,0.06,1.14
1136,8494542,Kepler-1807 b,0.261,2.09
1137,9992325,Kepler-1140 b,0.802,2.78
1138,9945370,Kepler-1175 b,0.263,2.79
1139,8973129,Kepler-1176 b,0.251,2.21
1140,12505654,Kepler-1829 b,0.825,2.4
1141,11670125,Kepler-1206 b,0.028,1.58
1142,11461844,Kepler-1207 b,0.595,1.43
1143,9351920,Kepler-1111 b,0.05,1.77
1144,2161536,Kepler-1798 b,0.038,1.7
1145,10549023,Kepler-1112 b,0.272,2.31
1146,9661979,Kepler-1681 b,0.872,3.04
1147,8219268,Kepler-91 b,0.877,14.93
1148,10531955,Kepler-1141 b,0.803,0.97
1149,4833421,Kepler-122 b,0.017,2.27
1150,8168187,Kepler-1142 b,0.742,2.72
1151,4142847,Kepler-1143 b,0.77,1.68
1152,10203349,Kepler-1144 b,0.918,3.64
1153,9718066,Kepler-378 b,0.932,0.98
1154,3867615,Kepler-379 c,0.272,2.28
1155,12121570,Kepler-1816 b,0.032,1.82
1156,8410415,Kepler-1817 b,0.614,2.68
1157,7987866,Kepler-1832 b,0.436,0.97
1158,11560897,Kepler-430 b,0.883,2.95
1159,11342416,Kepler-1209 b,0.845,1.67
1160,9086251,Kepler-1833 b,0.541,1.35
1161,4254466,Kepler-1113 b,0.269,2.54
1162,9904006,Kepler-361 c,0.225,2.47
1163,9364609,Kepler-1114 b,0.092,1.28
1164,7457296,Kepler-1145 b,0.775,1.6
1165,10328458,Kepler-1146 b,0.095,1.29
1166,4248120,Kepler-1808 b,0.25,2.21
1167,8321314,Kepler-1683 b,0.01,1.7
1168,11498128,Kepler-1177 b,0.586,2.01
1169,8041216,Kepler-500 b,0.004,2.6
1170,11824786,Kepler-1212 b,0.028,1.7
1171,12254909,Kepler-1213 b,0.867,1.29
1172,9364290,Kepler-382 b,0.71,1.95
1173,9364290,Kepler-382 c,0.971,3.14
1174,5022828,Kepler-1115 b,0.536,2.33
1175,8233702,Kepler-1116 b,0.018,2.26
1176,11403339,Kepler-1117 b,0.46,1.01
1177,8260902,Kepler-1118 b,0.773,2.45
1178,8381204,Kepler-1119 b,0.782,1.8
1179,12058204,Kepler-373 b,0.051,1.75
1180,12058204,Kepler-373 c,0.496,1.56
1181,4833421,Kepler-122 d,0.009,2.18
1182,5357545,Kepler-1809 b,0.586,1.23
1183,6871071,Kepler-374 c,0.159,1.79
1184,5342473,Kepler-1818 b,0.301,1.38
1185,9963265,Kepler-1819 b,1.198,27.45
1186,10583761,Kepler-1179 b,0.762,1.46
1187,7542813,Kepler-1180 b,0.682,1.71
1188,12058147,Kepler-1082 b,0.217,1.23
1189,8164257,Kepler-357 d,0.162,2.49
1190,8164257,Kepler-357 b,0.486,1.92
1191,8164257,Kepler-357 c,0.763,2.51
1192,6774537,Kepler-1120 b,0.044,1.48
1193,10404582,Kepler-362 c,0.18,2.01
1194,5959753,Kepler-496 b,0.333,2.42
1195,6021193,Kepler-363 d,0.123,1.83
1196,6021193,Kepler-363 c,0.318,1.59
1197,6871071,Kepler-374 d,0.3,2.03
1198,6871071,Kepler-374 b,0.227,1.73
1199,6287313,Kepler-1147 b,0.473,1.87
1200,9278725,Kepler-1148 b,0.151,1.6
1201,4458082,Kepler-1181 b,0.218,1.6
1202,8042453,Kepler-1182 b,0.025,1.64
1203,10874215,Kepler-1820 b,0.611,2.64
1204,3937519,Kepler-495 c,0.039,1.28
1205,8866137,Kepler-1083 b,0.913,3.13
1206,10857519,Kepler-1084 b,0.966,1.44
1207,9517393,Kepler-1085 c,0.703,3.21
1208,9351316,Kepler-1086 b,0.658,2.14
1209,6021193,Kepler-363 b,0.516,1.14
1210,10617017,Kepler-1121 b,0.872,1.87
1211,9641481,Kepler-1122 b,0.067,2.35
1212,8892157,Kepler-1149 b,0.822,1.48
1213,11569782,Kepler-1150 b,0.153,2.33
1214,4833421,Kepler-122 e,0.023,2.39
1215,7219825,Kepler-123 b,0.395,2.79
1216,3749978,Kepler-1183 b,0.695,2.55
1217,10010440,Kepler-1184 b,0.658,2.49
1218,11718144,Kepler-1821 b,0.108,1.82
1219,9473078,Kepler-1087 b,0.195,0.83
1220,10864531,Kepler-358 c,0.42,2.95
1221,10864531,Kepler-358 b,0.786,2.96
1222,9472000,Kepler-1790 b,0.194,2.59
1223,10253547,Kepler-364 c,0.918,2.81
1224,10253547,Kepler-364 b,0.661,1.73
1225,12505076,Kepler-1799 b,0.003,2.43
1226,12116380,Kepler-1123 b,0.821,2.11
1227,2556650,Kepler-1124 b,0.295,1.66
1228,10600955,Kepler-1151 b,0.949,3.93
1229,4473226,Kepler-1682 b,0.399,2.54
1230,2854181,Kepler-1810 b,0.057,3.87
1231,10132832,Kepler-1186 b,0.108,2.14
1232,3219995,Kepler-1187 b,0.878,2.67
1233,6062929,Kepler-1822 b,0.025,1.76
1234,7504778,Kepler-1188 b,0.03,2.05
1235,7219825,Kepler-123 c,0.136,1.4
1236,7097965,Kepler-1791 b,0.963,2.53
1237,4249725,Kepler-120 b,0.029,2.0
1238,3967326,Kepler-1792 b,0.521,3.02
1239,6768394,Kepler-60 b,0.612,1.64
1240,6768394,Kepler-60 c,0.619,1.84
1241,5211199,Kepler-1800 b,0.925,2.82
1242,5546761,Kepler-1125 b,0.932,2.89
1243,9205938,Kepler-1126 b,0.007,1.68
1244,10723367,Kepler-375 c,0.962,4.22
1245,10723367,Kepler-375 b,0.805,2.5
1246,5005121,Kepler-1811 b,0.015,2.81
1247,4833421,Kepler-122 f,0.026,2.22
1248,8229458,Kepler-1152 b,0.129,0.86
1249,10684670,Kepler-1189 b,0.183,1.23
1250,11495458,Kepler-1190 b,0.009,1.25
1251,9003401,Kepler-1823 b,0.125,1.56
1252,5978559,Kepler-1824 b,0.046,2.37
1253,6768394,Kepler-60 d,0.836,1.69
1254,6922710,Kepler-1088 b,0.737,1.44
1255,11348997,Kepler-1089 b,0.217,1.69
1256,5705819,Kepler-1793 b,0.481,2.12
1257,6696580,Kepler-359 c,0.924,5.14
1258,11358389,Kepler-365 b,0.308,1.76
1259,7204981,Kepler-1127 b,0.308,1.65
1260,3847907,Kepler-497 b,0.053,5.81
1261,4370527,Kepler-1128 b,0.091,3.36
1262,6041734,Kepler-1129 b,0.928,5.09
1263,5125347,Kepler-1812 b,0.142,2.31
1264,9336200,Kepler-1153 b,0.893,1.94
1265,4770617,Kepler-1154 b,0.012,2.34
1266,4454934,Kepler-1155 b,0.876,2.45
1267,9458343,Kepler-1156 b,0.067,1.33
1268,7120108,Kepler-1825 b,0.779,1.57
1269,10730703,Kepler-1191 b,0.046,1.73
1270,8007644,Kepler-1192 b,0.168,2.42
1271,11192235,Kepler-1826 b,0.931,1.37
1272,6383785,Kepler-501 b,0.033,4.59
1273,6696580,Kepler-359 b,0.85,4.0
1274,4249725,Kepler-120 c,0.18,1.6
1275,8505920,Kepler-1090 c,0.962,3.44
1276,7918992,Kepler-1091 b,0.108,1.5
1277,11308499,Kepler-366 b,0.223,1.6
1278,11308499,Kepler-366 c,0.023,1.87
1279,9006186,Kepler-1130 b,0.879,0.92
1280,9006186,Kepler-1130 c,0.623,0.68
1281,7802719,Kepler-1157 b,0.175,0.79
1282,11030475,Kepler-1813 b,0.305,1.3
1283,12401863,Kepler-1193 b,0.374,1.37
1284,5534941,Kepler-1827 b,0.71,1.24
1285,11121752,Kepler-380 b,0.222,1.2
1286,11121752,Kepler-380 c,0.628,1.39
1287,2990873,Kepler-1194 b,0.413,1.51
1288,9307509,Kepler-1794 b,0.499,1.94
1289,10158729,Kepler-1092 b,0.392,2.06
1290,6105462,Kepler-1093 b,0.865,2.26
1291,3120355,Kepler-1094 b,0.528,3.37
1292,6047072,Kepler-1095 b,0.02,1.22
1293,9006186,Kepler-1130 d,0.744,0.64
1294,11410904,Kepler-1131 b,0.299,1.43
1295,4173026,Kepler-1801 b,0.914,3.41
1296,5350244,Kepler-1276 b,0.252,1.09
1297,5374403,Kepler-1277 b,0.363,1.5
1298,1995519,Kepler-1299 b,0.862,2.42
1299,4914566,Kepler-1300 b,0.897,2.04
1300,6198182,Kepler-1864 b,0.252,0.59
1301,10024051,Kepler-1228 b,0.032,1.42
1302,4349452,Kepler-25 c,0.787,4.75
1303,8073806,Kepler-1835 b,0.903,3.21
1304,3234598,Kepler-383 b,0.553,1.49
1305,10453588,Kepler-1253 b,0.241,1.47
1306,11125613,Kepler-1254 b,0.691,1.68
1307,7212184,Kepler-1255 b,0.002,3.1
1308,9757613,Kepler-26 c,0.749,2.64
1309,6605493,Kepler-1686 b,0.551,1.21
1310,7259298,Kepler-1278 b,0.386,0.77
1311,6211812,Kepler-1865 b,0.077,1.5
1312,3234598,Kepler-383 c,0.714,1.47
1313,8611832,Kepler-384 b,0.062,1.3
1314,8611832,Kepler-384 c,0.847,1.61
1315,5621586,Kepler-1836 b,0.007,2.12
1316,9210387,Kepler-1837 b,0.025,1.77
1317,11852982,Kepler-1712 b,0.868,1.91
1318,8559152,Kepler-1256 b,0.711,1.5
1319,2718778,Kepler-1844 b,0.112,1.82
1320,3122913,Kepler-1845 b,0.024,1.88
1321,9229657,Kepler-1257 b,0.333,1.48
1322,5175024,Kepler-1279 b,0.013,1.34
1323,9026749,Kepler-1280 b,0.254,4.96
1324,5794240,Kepler-45 b,0.144,10.6
1325,6933567,Kepler-1301 b,0.262,1.35
1326,9654468,Kepler-1684 b,0.918,2.89
1327,4349452,Kepler-25 b,0.008,2.53
1328,10027247,Kepler-1229 b,0.953,1.68
1329,6343170,Kepler-1230 b,0.949,3.41
1330,7107802,Kepler-1231 b,0.12,1.64
1331,11752632,Kepler-1258 b,0.045,1.49
1332,10028535,Kepler-1259 b,0.841,1.6
1333,7047207,Kepler-1260 b,0.74,2.33
1334,9757613,Kepler-26 d,0.022,1.21
1335,11962284,Kepler-1302 b,0.924,1.94
1336,6842682,Kepler-1303 b,0.253,1.2
1337,8890150,Kepler-395 c,0.034,1.14
1338,8890150,Kepler-395 b,0.48,1.0
1339,11360805,Kepler-1232 b,0.036,1.59
1340,9845898,Kepler-1233 b,0.49,2.32
1341,12453581,Kepler-1234 b,0.348,1.86
1342,11179076,Kepler-1261 b,0.846,2.78
1343,5364071,Kepler-49 b,0.037,2.25
1344,5959719,Kepler-390 b,0.148,0.73
1345,7021681,Kepler-505 b,0.35,2.47
1346,4346178,Kepler-1304 b,0.968,2.94
1347,9664142,Kepler-1305 b,0.704,1.75
1348,10018233,Kepler-1306 b,0.213,1.83
1349,8081899,Kepler-1235 b,0.069,0.7
1350,8478994,Kepler-37 d,0.019,1.9
1351,8631504,Kepler-1846 b,0.059,0.96
1352,8110767,Kepler-1685 b,0.011,2.34
1353,6767840,Kepler-1262 b,0.224,1.79
1354,8379705,Kepler-1847 b,0.572,1.93
1355,9896018,Kepler-1859 b,0.509,1.53
1356,11037511,Kepler-1281 b,0.195,1.59
1357,9757613,Kepler-26 e,0.393,2.13
1358,11818872,Kepler-1860 b,0.364,0.87
1359,11771430,Kepler-1861 b,0.322,2.01
1360,5513012,Kepler-1310 b,0.209,1.4
1361,11253827,Kepler-396 c,0.242,4.7
1362,7047363,Kepler-1236 b,0.335,1.85
1363,11968463,Kepler-385 c,0.959,3.12
1364,11968463,Kepler-385 b,0.953,2.94
1365,9880190,Kepler-1263 b,0.248,1.13
1366,5364071,Kepler-49 c,0.685,2.13
1367,7673841,Kepler-392 b,0.07,0.95
1368,9827149,Kepler-1282 b,0.209,1.66
1369,5546691,Kepler-1283 b,0.109,1.13
1370,12156347,Kepler-1687 b,0.946,1.5
1371,8547429,Kepler-1866 b,0.983,2.08
1372,9893318,Kepler-1307 b,0.023,2.39
1373,8570333,Kepler-1237 b,0.024,2.59
1374,8478994,Kepler-37 c,0.086,0.72
1375,5036705,Kepler-1238 b,0.878,1.93
1376,8947520,Kepler-1264 b,0.941,1.21
1377,10468885,Kepler-1284 b,0.525,1.19
1378,3861595,Kepler-1658 b,0.915,12.94
1379,10489206,Kepler-125 b,0.59,2.54
1380,3426367,Kepler-1308 b,0.872,0.79
1381,5562090,Kepler-1309 b,0.913,2.66
1382,6867555,Kepler-1239 b,0.117,1.92
1383,5339567,Kepler-1240 b,0.176,1.32
1384,11080405,Kepler-386 c,0.679,1.95
1385,10059645,Kepler-1265 b,0.911,1.75
1386,5364071,Kepler-49 d,0.187,1.57
1387,7183745,Kepler-1266 b,0.835,2.64
1388,8212002,Kepler-1285 b,0.182,0.98
1389,8004903,Kepler-1286 b,0.603,2.42
1390,8883329,Kepler-393 b,0.257,1.24
1391,8883329,Kepler-393 c,0.086,1.12
1392,11253827,Kepler-396 b,0.643,3.32
1393,5514383,Kepler-506 b,0.083,2.63
1394,8022489,Kepler-1311 d,0.814,9.52
1395,8022489,Kepler-1311 b,0.504,1.5
1396,8022489,Kepler-1311 c,0.054,1.36
1397,9209624,Kepler-387 b,0.121,1.01
1398,9209624,Kepler-387 c,0.557,1.0
1399,3354846,Kepler-1241 b,0.78,2.53
1400,8478994,Kepler-37 b,0.4064,0.27
1401,7183745,Kepler-1266 c,0.895,1.94
1402,9177629,Kepler-1848 b,0.8,1.25
1403,7778767,Kepler-1267 b,0.813,2.88
1404,7515762,Kepler-1268 b,0.048,2.41
1405,5942949,Kepler-1849 b,0.021,1.95
1406,12120307,Kepler-394 b,0.054,1.52
1407,12120307,Kepler-394 c,0.083,1.61
1408,12120307,Kepler-394 d,0.119,1.41
1409,11701407,Kepler-1214 b,0.198,2.34
1410,11288051,Kepler-124 b,0.971,1.06
1411,10813132,Kepler-1215 b,0.077,1.19
1412,5857540,Kepler-1242 b,0.927,3.28
1413,7289317,Kepler-1243 b,0.533,1.86
1414,7879433,Kepler-1850 b,0.35,0.55
1415,9205907,Kepler-1851 b,0.965,3.28
1416,8463346,Kepler-436 c,0.899,2.75
1417,5364071,Kepler-49 e,0.014,1.53
1418,10489206,Kepler-125 c,0.425,0.8
1419,10068659,Kepler-1287 b,0.07,1.58
1420,9395024,Kepler-1216 b,0.093,1.56
1421,9753154,Kepler-1244 b,0.001,1.45
1422,9011825,Kepler-1269 b,0.851,2.5
1423,5174858,Kepler-1852 b,0.911,2.27
1424,11074835,Kepler-1270 b,0.35,3.34
1425,1996180,Kepler-1271 b,0.839,1.62
1426,6269070,Kepler-1288 b,0.238,1.84
1427,12254378,Kepler-1217 b,0.133,1.87
1428,7604328,Kepler-1245 b,0.734,1.63
1429,11236244,Kepler-1246 b,0.951,1.51
1430,9837685,Kepler-1247 b,0.68,2.47
1431,5042210,Kepler-1838 b,0.687,1.75
1432,12454461,Kepler-1248 b,0.486,1.04
1433,9635606,Kepler-1853 b,0.988,2.96
1434,3728701,Kepler-1272 b,0.829,2.43
1435,1849702,Kepler-1854 b,0.24,1.46
1436,9390653,Kepler-504 b,0.068,1.57
1437,11187837,Kepler-1663 b,0.715,2.64
1438,8025596,Kepler-1290 b,0.204,1.49
1439,3642741,Kepler-503 b,0.05,5.53
1440,8494617,Kepler-1218 b,0.603,1.33
1441,10289119,Kepler-1219 b,0.224,3.21
1442,7382313,Kepler-1220 b,0.337,1.4
1443,8544992,Kepler-388 b,0.085,0.88
1444,8544992,Kepler-388 c,0.03,0.91
1445,11295426,Kepler-68 b,0.015,2.21
1446,12306058,Kepler-391 b,0.873,3.36
1447,6183511,Kepler-1855 b,0.153,0.67
1448,12469800,Kepler-1856 b,0.286,1.37
1449,4915638,Kepler-1291 b,0.595,1.43
1450,8081905,Kepler-1292 b,0.001,1.71
1451,11465950,Kepler-1862 b,0.883,2.27
1452,4665571,Kepler-1834 b,0.072,1.32
1453,9269042,Kepler-1221 b,0.595,1.47
1454,11461433,Kepler-1222 b,0.405,0.89
1455,11818607,Kepler-1839 b,0.616,1.15
1456,8380709,Kepler-1249 b,0.017,1.74
1457,6149910,Kepler-1840 b,0.069,2.34
1458,5436013,Kepler-1841 b,0.922,1.66
1459,8676148,Kepler-1273 b,0.021,2.38
1460,9696358,Kepler-1274 b,0.699,1.42
1461,4484336,Kepler-1857 b,0.163,1.48
1462,9757613,Kepler-26 b,0.047,2.83
1463,10916600,Kepler-1293 b,0.45,0.92
1464,8429314,Kepler-1294 b,0.226,3.52
1465,9153570,Kepler-1295 b,0.306,1.37
1466,11768142,Kepler-1652 b,0.953,1.58
1467,8481129,Kepler-1223 b,0.88,1.54
1468,2142522,Kepler-1224 b,0.225,1.32
1469,9395719,Kepler-1250 b,0.206,2.07
1470,8753896,Kepler-389 b,0.761,1.84
1471,11295426,Kepler-68 c,0.54,0.91
1472,8757824,Kepler-1275 b,0.217,1.32
1473,9832208,Kepler-1858 b,0.347,2.4
1474,6124512,Kepler-1296 b,0.892,3.24
1475,10070468,Kepler-1297 b,0.415,1.27
1476,7584650,Kepler-1863 b,0.928,1.59
1477,11337566,Kepler-1298 b,0.201,1.36
1478,5007345,Kepler-1225 b,0.427,3.76
1479,12120484,Kepler-1226 b,0.865,2.13
1480,6429812,Kepler-1227 b,0.613,2.11
1481,6846911,Kepler-1842 b,0.877,2.66
1482,5963582,Kepler-1843 b,0.44,2.11
1483,11403389,Kepler-1251 b,0.957,2.44
1484,9851662,Kepler-1252 b,0.886,1.44
1485,8758204,Kepler-1881 b,0.109,2.73
1486,8733898,Kepler-446 b,0.003,1.73
1487,8733898,Kepler-446 d,0.719,1.72
1488,10332213,Kepler-1885 b,1.261,25.82
1489,7090524,Kepler-1386 b,0.662,1.48
1490,11133306,Kepler-509 b,0.049,2.4
1491,5871985,Kepler-1318 b,0.037,2.72
1492,8292840,Kepler-126 d,0.535,2.51
1493,9730163,Kepler-445 c,0.706,1.56
1494,9730163,Kepler-445 b,0.45,0.92
1495,11453592,Kepler-1319 b,0.92,1.24
1496,10591855,Kepler-1367 b,0.071,0.93
1497,7749773,Kepler-1882 b,0.921,1.55
1498,9451706,Kepler-127 b,0.613,1.46
1499,10064256,Kepler-1692 b,0.26,1.02
1500,7609553,Kepler-1387 b,0.033,0.87
1501,10122538,Kepler-1388 b,0.291,2.21
1502,10122538,Kepler-1388 c,0.791,2.2
1503,5480640,Kepler-399 d,0.021,3.21
1504,5480640,Kepler-399 b,0.013,1.68
1505,5480640,Kepler-399 c,0.713,2.69
1506,5175986,Kepler-1320 b,0.135,1.52
1507,9008737,Kepler-404 b,0.2658,1.18
1508,9008737,Kepler-404 c,0.8759,1.63
1509,6521045,Kepler-100 b,0.696,1.3
1510,6294819,Kepler-1368 b,0.03,1.36
1511,11401755,Kepler-36 c,0.017,3.54
1512,8292840,Kepler-126 c,0.557,1.51
1513,5272233,Kepler-400 b,0.014,1.62
1514,5272233,Kepler-400 c,0.489,1.43
1515,5688910,Kepler-1369 b,0.196,2.88
1516,6345732,Kepler-1370 b,0.914,2.12
1517,6345732,Kepler-1370 c,0.862,1.33
1518,8611257,Kepler-1389 b,0.947,2.17
1519,10880507,Kepler-1390 b,0.725,1.26
1520,12206313,Kepler-401 b,0.7,1.84
1521,12206313,Kepler-401 c,0.189,2.1
1522,9837661,Kepler-1321 b,0.594,4.04
1523,7769819,Kepler-1342 b,0.796,1.7
1524,11874577,Kepler-1875 b,0.626,1.88
1525,12164564,Kepler-1343 b,0.091,1.88
1526,10397751,Kepler-1371 b,0.704,0.7
1527,10397751,Kepler-1371 c,0.874,0.65
1528,9642292,Kepler-1392 b,0.136,1.93
1529,6356692,Kepler-1888 b,0.849,1.02
1530,4991208,Kepler-1393 b,0.258,0.67
1531,9837661,Kepler-1321 c,0.048,2.1
1532,9837661,Kepler-1321 d,0.166,1.78
1533,9092504,Kepler-1322 b,0.736,1.52
1534,5383248,Kepler-96 b,0.766,2.76
1535,9092504,Kepler-1322 c,0.828,1.8
1536,10001368,Kepler-1344 b,0.191,1.78
1537,9466429,Kepler-1345 b,0.618,2.31
1538,8885643,Kepler-1346 b,0.906,1.34
1539,5652893,Kepler-1347 b,0.268,0.98
1540,8681833,Kepler-1372 b,0.218,1.15
1541,4138951,Kepler-1373 b,0.2,0.89
1542,3102384,Kepler-454 b,0.785,2.07
1543,10471515,Kepler-1395 b,0.021,0.7
1544,8760040,Kepler-1396 b,0.125,1.78
1545,10098844,Kepler-1397 b,0.016,1.61
1546,9467404,Kepler-1323 b,0.102,1.48
1547,5184911,Kepler-1324 b,0.807,1.93
1548,6587105,Kepler-1325 b,0.923,3.52
1549,11662184,Kepler-1348 b,0.562,1.94
1550,11127479,Kepler-1349 b,0.098,0.7
1551,8884274,Kepler-1374 b,0.051,2.2
1552,7767162,Kepler-1375 b,0.008,1.43
1553,4385148,Kepler-1886 b,0.441,2.25
1554,9838468,Kepler-1391 b,0.157,1.56
1555,8617363,Kepler-1887 b,0.094,2.52
1556,11401755,Kepler-36 b,0.012,1.45
1557,7673192,Kepler-402 c,0.79,1.51
1558,7673192,Kepler-402 e,0.52,1.44
1559,7673192,Kepler-402 b,0.193,1.21
1560,7673192,Kepler-402 d,0.12,1.27
1561,11807274,Kepler-50 b,0.03,1.68
1562,7670943,Kepler-1713 b,0.924,1.83
1563,6697756,Kepler-1351 b,0.232,0.6
1564,5905822,Kepler-1876 b,0.944,1.06
1565,10793172,Kepler-1693 b,0.14,1.39
1566,10793172,Kepler-1693 c,0.008,1.15
1567,8801316,Kepler-1394 b,0.226,1.36
1568,12314973,Kepler-450 b,0.5,6.08
1569,3346154,Kepler-1871 b,0.962,2.58
1570,5775129,Kepler-1691 b,0.368,1.72
1571,9898447,Kepler-1877 b,0.256,0.53
1572,11135308,Kepler-1352 b,0.248,0.78
1573,6521045,Kepler-100 d,0.656,1.55
1574,8077137,Kepler-128 b,0.02,1.42
1575,7019524,Kepler-1376 b,0.173,1.08
1576,5106313,Kepler-1694 b,0.224,1.13
1577,9825174,Kepler-1377 b,0.202,1.22
1578,5980783,Kepler-1889 b,0.908,2.31
1579,12008872,Kepler-1327 b,0.795,1.96
1580,8415200,Kepler-1328 b,0.203,1.31
1581,9886361,Kepler-403 b,0.014,1.38
1582,9886361,Kepler-403 c,0.85,2.07
1583,6528464,Kepler-449 b,0.044,1.53
1584,5209845,Kepler-1378 b,0.744,2.1
1585,6129524,Kepler-1379 b,0.454,1.24
1586,5794570,Kepler-1312 b,0.614,2.17
1587,5794570,Kepler-1312 c,0.648,1.0
1588,6779260,Kepler-1313 b,0.932,2.25
1589,11807274,Kepler-50 c,0.828,1.89
1590,5953297,Kepler-1688 b,0.969,1.45
1591,7659389,Kepler-1872 b,0.951,3.45
1592,9472074,Kepler-1873 b,0.307,1.33
1593,10842192,Kepler-1329 b,0.901,2.39
1594,2442448,Kepler-1354 b,0.851,2.61
1595,11283615,Kepler-1355 b,0.401,1.38
1596,7605093,Kepler-1356 b,0.367,1.35
1597,8077137,Kepler-128 c,0.291,1.29
1598,7463685,Kepler-1884 b,0.92,1.39
1599,6878240,Kepler-397 c,0.804,6.01
1600,6878240,Kepler-397 b,0.771,2.07
1601,4831728,Kepler-1330 b,0.151,1.98
1602,6528464,Kepler-449 c,0.309,1.86
1603,11963206,Kepler-1357 b,0.009,1.22
1604,8263545,Kepler-1878 b,0.704,1.94
1605,6937402,Kepler-1380 b,0.129,1.27
1606,7826659,Kepler-1868 b,0.808,3.43
1607,8095441,Kepler-1332 b,0.432,1.32
1608,5881813,Kepler-1333 b,0.797,4.85
1609,12456601,Kepler-1334 b,0.033,2.18
1610,7428736,Kepler-1358 b,0.56,1.21
1611,11129258,Kepler-1381 b,0.245,2.44
1612,10586004,Kepler-129 b,0.032,2.4
1613,7202957,Kepler-1869 b,0.801,1.03
1614,6521045,Kepler-100 c,0.58,2.26
1615,8892303,Kepler-1314 b,0.016,5.15
1616,5369827,Kepler-1870 b,0.857,2.04
1617,6586746,Kepler-1335 b,0.232,1.55
1618,9962455,Kepler-1336 b,0.305,2.61
1619,9962455,Kepler-1336 c,0.692,2.17
1620,6436029,Kepler-1359 b,0.406,2.92
1621,6197215,Kepler-1879 b,0.535,1.77
1622,9451706,Kepler-127 d,0.034,2.48
1623,9244508,Kepler-1360 b,0.325,5.92
1624,3969687,Kepler-1382 b,0.887,2.23
1625,6716545,Kepler-1383 b,0.132,1.33
1626,5185897,Kepler-398 b,0.876,1.0
1627,5185897,Kepler-398 c,0.918,0.99
1628,5185897,Kepler-398 d,0.871,1.01
1629,9881077,Kepler-1337 b,0.909,2.47
1630,6265792,Kepler-1338 b,0.243,1.05
1631,9995402,Kepler-1361 b,0.462,0.89
1632,5609593,Kepler-1362 b,0.49,2.35
1633,5436338,Kepler-1880 b,0.118,1.37
1634,11414465,Kepler-1363 b,0.03,1.22
1635,10586004,Kepler-129 c,0.001,2.57
1636,4483138,Kepler-1384 b,0.25,1.8
1637,9475552,Kepler-1315 b,0.696,1.7
1638,9475552,Kepler-1315 c,0.687,1.83
1639,8292840,Kepler-126 b,0.16,1.34
1640,10905911,Kepler-1339 b,0.259,0.74
1641,3545135,Kepler-1689 b,0.564,0.8
1642,6964929,Kepler-1340 b,0.448,1.11
1643,6432345,Kepler-1690 b,0.025,2.56
1644,11565924,Kepler-1364 b,0.784,2.88
1645,6607357,Kepler-1365 b,0.018,0.92
1646,6607357,Kepler-1365 c,0.03,0.81
1647,9451706,Kepler-127 c,0.512,2.5
1648,6186964,Kepler-1366 b,0.338,1.27
1649,9693006,Kepler-1385 b,0.242,0.84
1650,5128673,Kepler-1316 b,0.015,3.39
1651,6690836,Kepler-1317 b,0.05,1.49
1652,7877978,Kepler-1874 b,0.942,2.69
1653,12024120,Kepler-507 b,0.531,1.36
1654,8210018,Kepler-1341 b,0.703,2.51
1655,3642289,Kepler-135 b,0.914,2.33
1656,3642289,Kepler-135 c,0.824,1.32
1657,3662838,Kepler-516 b,0.746,7.61
1658,5966322,Kepler-517 b,0.009,2.78
1659,6029239,Kepler-518 b,0.005,2.14
1660,12404954,Kepler-537 b,0.31,1.41
1661,9070666,Kepler-1408 b,0.403,1.12
1662,3642335,Kepler-1410 b,0.004,1.39
1663,9020114,Kepler-1901 b,0.106,1.16
1664,6196457,Kepler-92 b,0.658,3.63
1665,6063220,Kepler-99 b,0.246,1.51
1666,6071903,Kepler-519 b,0.425,2.14
1667,6289257,Kepler-520 b,0.914,1.78
1668,10905239,Kepler-101 b,0.026,5.64
1669,11623629,Kepler-538 b,0.02,2.16
1670,4815520,Kepler-1656 b,0.04,4.52
1671,7175184,Kepler-144 b,0.622,1.59
1672,7347246,Kepler-1411 b,0.016,3.11
1673,11403530,Kepler-1412 b,0.026,0.9
1674,5088536,Kepler-130 b,0.494,1.02
1675,6609270,Kepler-1902 b,0.725,1.05
1676,12406807,Kepler-1903 b,0.106,1.62
1677,5096590,Kepler-1424 b,0.984,1.74
1678,9650989,Kepler-1905 b,0.213,1.25
1679,6289257,Kepler-520 c,0.833,1.18
1680,6291837,Kepler-1715 b,0.895,3.72
1681,7050989,Kepler-136 b,0.359,2.06
1682,7175184,Kepler-144 c,0.571,1.59
1683,8494142,Kepler-145 c,0.391,3.61
1684,11554435,Kepler-63 b,0.538,5.73
1685,8494142,Kepler-145 b,0.748,2.17
1686,6471021,Kepler-539 b,0.471,10.02
1687,8709688,Kepler-1893 b,0.317,1.52
1688,11618601,Kepler-1894 b,0.46,1.25
1689,7582689,Kepler-431 d,0.929,0.87
1690,7582689,Kepler-431 b,0.889,0.73
1691,7582689,Kepler-431 c,0.886,0.72
1692,6196457,Kepler-92 c,0.035,2.31
1693,7050989,Kepler-136 c,0.115,1.94
1694,7419318,Kepler-137 c,0.785,2.1
1695,7419318,Kepler-137 b,0.51,1.5
1696,7603200,Kepler-138 c,0.545,1.42
1697,7603200,Kepler-138 d,0.32,1.24
1698,10905239,Kepler-101 c,0.379,1.18
1699,7364176,Kepler-1718 b,0.023,2.32
1700,8686097,Kepler-540 b,0.004,2.85
1701,12356617,Kepler-1704 b,0.1667,10.81
1702,3323887,Kepler-9 b,0.169,7.74
1703,9716391,Kepler-1413 b,0.016,1.84
1704,6929841,Kepler-1414 b,0.061,1.35
1705,5088536,Kepler-130 d,0.983,1.85
1706,11508644,Kepler-1426 b,0.894,1.73
1707,8895758,Kepler-1427 b,0.065,1.08
1708,7603200,Kepler-138 b,0.061,0.59
1709,7700622,Kepler-1716 b,0.001,2.03
1710,8008067,Kepler-139 b,0.009,2.62
1711,8008067,Kepler-139 c,0.004,2.63
1712,3323887,Kepler-9 c,0.6883,7.98
1713,3323887,Kepler-9 d,0.0779,1.48
1714,11137180,Kepler-1895 b,0.454,1.36
1715,3756264,Kepler-1906 b,0.253,1.86
1716,11572193,Kepler-1428 b,0.403,1.79
1717,11285870,Kepler-1429 b,0.3,1.23
1718,6196457,Kepler-92 d,0.277,1.91
1719,8121310,Kepler-521 b,0.017,3.02
1720,8156120,Kepler-522 b,0.905,8.56
1721,8753657,Kepler-406 b,0.694,1.41
1722,3942670,Kepler-147 c,0.947,2.98
1723,3942670,Kepler-147 b,0.709,1.33
1724,10585738,Kepler-1415 b,0.319,1.31
1725,7676423,Kepler-1430 b,0.052,1.03
1726,11714231,Kepler-1431 b,0.539,1.45
1727,11720424,Kepler-1432 b,0.398,1.91
1728,8753657,Kepler-406 c,0.388,0.77
1729,9139084,Kepler-523 b,0.129,1.92
1730,3353050,Kepler-541 b,0.636,3.95
1731,3446746,Kepler-542 b,0.591,1.59
1732,5695396,Kepler-131 b,0.546,2.13
1733,8051946,Kepler-1416 b,0.974,1.44
1734,5445681,Kepler-1417 b,0.192,1.01
1735,11499192,Kepler-1433 b,0.168,1.43
1736,12416661,Kepler-1434 b,0.035,1.28
1737,9881662,Kepler-140 b,0.303,1.38
1738,9881662,Kepler-140 c,0.008,1.57
1739,3656121,Kepler-146 b,0.029,3.56
1740,3656121,Kepler-146 c,0.462,3.08
1741,3733628,Kepler-543 b,0.777,2.46
1742,3831053,Kepler-1719 b,0.368,3.26
1743,5092266,Kepler-1896 b,0.436,2.56
1744,8751796,Kepler-1435 b,0.569,0.9
1745,9907129,Kepler-1436 b,0.941,2.07
1746,9527334,Kepler-461 b,0.002,2.74
1747,11361646,Kepler-524 b,0.128,1.85
1748,11361646,Kepler-524 c,0.011,0.83
1749,10285631,Kepler-525 b,0.858,3.64
1750,3964109,Kepler-544 b,0.081,2.09
1751,3544595,Kepler-93 b,0.657,1.56
1752,5695396,Kepler-131 c,0.322,0.83
1753,9714550,Kepler-1695 b,0.121,0.97
1754,6263593,Kepler-1418 b,0.176,1.21
1755,10252275,Kepler-1907 c,1.006,2.9
1756,10252275,Kepler-1907 b,0.889,1.05
1757,11455181,Kepler-1437 b,0.197,1.21
1758,10290666,Kepler-526 b,0.65,1.91
1759,10337258,Kepler-527 b,0.774,4.03
1760,12314973,Kepler-450 c,0.372,2.59
1761,5450893,Kepler-1890 b,0.922,1.08
1762,2716801,Kepler-1419 b,0.495,2.45
1763,7216284,Kepler-1420 b,0.0,1.24
1764,6945786,Kepler-1909 b,0.299,0.93
1765,5978170,Kepler-1910 b,0.39,0.99
1766,5440317,Kepler-1438 b,0.429,1.24
1767,10545066,Kepler-528 b,0.015,2.1
1768,10552611,Kepler-141 c,0.683,1.5
1769,10552611,Kepler-141 b,0.7,0.73
1770,10587105,Kepler-529 b,0.713,2.1
1771,10587105,Kepler-529 c,0.956,2.55
1772,11090556,Kepler-1398 b,0.058,1.02
1773,11090556,Kepler-1398 c,0.499,1.13
1774,3234843,Kepler-405 c,0.744,3.02
1775,6021275,Kepler-132 d,0.966,1.93
1776,3234843,Kepler-405 b,0.024,2.06
1777,5688790,Kepler-1439 b,0.928,1.59
1778,10908248,Kepler-1440 b,0.398,1.62
1779,10878263,Kepler-414 c,0.188,2.73
1780,10878263,Kepler-414 b,0.135,1.74
1781,10982872,Kepler-142 c,0.384,2.75
1782,10982872,Kepler-142 b,0.513,1.94
1783,4141376,Kepler-1655 b,0.904,2.25
1784,9468551,Kepler-1399 b,0.365,1.29
1785,9076971,Kepler-1400 b,0.928,1.9
1786,8360640,Kepler-1891 b,0.741,1.37
1787,11019987,Kepler-1421 b,0.264,0.91
1788,10924562,Kepler-1422 b,0.093,1.94
1789,7534267,Kepler-1441 b,0.42,2.51
1790,9592705,Kepler-1714 b,0.315,3.04
1791,10386922,Kepler-511 c,0.015,3.13
1792,10386922,Kepler-511 b,0.429,7.56
1793,10982872,Kepler-142 d,0.011,1.67
1794,11015108,Kepler-530 b,0.028,2.87
1795,11074541,Kepler-531 b,0.658,2.81
1796,11100383,Kepler-532 b,0.768,2.62
1797,6636320,Kepler-1892 b,0.094,1.31
1798,4067925,Kepler-1897 b,0.032,2.1
1799,6021275,Kepler-132 c,0.869,1.4
1800,10933561,Kepler-133 c,0.561,2.72
1801,10933561,Kepler-133 b,0.896,2.04
1802,11075737,Kepler-97 b,0.349,1.44
1803,11194032,Kepler-533 b,0.77,3.27
1804,11394027,Kepler-1664 b,0.021,2.54
1805,11442793,Kepler-90 h,0.02,10.89
1806,5520547,Kepler-1401 b,0.956,1.7
1807,8866102,Kepler-410 A b,0.013,2.43
1808,4143755,Kepler-510 b,0.606,2.45
1809,11244137,Kepler-1402 b,0.238,1.6
1810,5865654,Kepler-1423 b,0.669,2.84
1811,11259686,Kepler-512 b,0.017,2.78
1812,11547513,Kepler-134 b,0.72,1.94
1813,11547513,Kepler-134 c,0.828,1.28
1814,11802615,Kepler-513 b,0.778,2.53
1815,11442793,Kepler-90 g,0.002,7.7
1816,11442793,Kepler-90 d,0.005,2.84
1817,11521793,Kepler-143 c,0.915,3.25
1818,11566064,Kepler-1717 b,0.682,2.86
1819,3848275,Kepler-1403 b,0.093,2.03
1820,12021625,Kepler-1404 b,0.604,1.77
1821,4175630,Kepler-1405 b,0.025,2.82
1822,3328080,Kepler-1898 b,0.14,0.92
1823,8430964,Kepler-1900 b,0.249,1.16
1824,6021275,Kepler-132 b,0.775,1.22
1825,11905011,Kepler-514 b,0.906,2.03
1826,12785320,Kepler-515 b,0.846,1.5
1827,2692377,Kepler-98 b,0.362,1.88
1828,11568987,Kepler-534 b,0.526,2.27
1829,11568987,Kepler-534 c,0.513,1.11
1830,11621223,Kepler-535 b,0.016,2.37
1831,11624249,Kepler-536 b,0.033,5.95
1832,3852655,Kepler-1406 b,0.925,1.31
1833,5088536,Kepler-130 c,0.577,2.98
1834,6103377,Kepler-1407 b,0.643,3.2
1835,8037145,Kepler-176 d,0.516,2.27
1836,8806123,Kepler-177 c,0.885,6.77
1837,8806123,Kepler-177 b,0.05,2.68
1838,8355239,Kepler-189 b,0.757,1.5
1839,8367113,Kepler-606 b,0.653,2.8
1840,8558011,Kepler-607 c,0.639,2.29
1841,9115800,Kepler-548 b,0.479,11.76
1842,9478990,Kepler-39 b,0.065,14.43
1843,6850504,Kepler-20 e,0.21,0.84
1844,10934674,Kepler-567 b,0.329,2.31
1845,10990886,Kepler-568 b,0.724,2.46
1846,11015323,Kepler-569 b,0.065,2.97
1847,11134879,Kepler-570 b,0.547,2.42
1848,11192998,Kepler-166 b,0.014,2.3
1849,8934495,Kepler-1721 b,0.02,2.51
1850,5866724,Kepler-65 c,0.049,2.56
1851,9157634,Kepler-586 b,0.001,2.89
1852,8565266,Kepler-608 b,0.553,3.89
1853,8616637,Kepler-190 b,0.502,1.46
1854,8616637,Kepler-190 c,0.76,1.63
1855,8625925,Kepler-609 b,0.514,2.54
1856,8822216,Kepler-610 b,0.022,3.21
1857,10189546,Kepler-549 b,0.013,2.98
1858,10189546,Kepler-549 c,0.188,2.68
1859,11192998,Kepler-166 d,0.016,1.59
1860,11192998,Kepler-166 c,0.008,2.41
1861,11497977,Kepler-571 b,0.594,2.51
1862,9941859,Kepler-178 b,0.043,2.88
1863,9941859,Kepler-178 d,0.336,3.29
1864,9941859,Kepler-178 c,0.568,2.99
1865,10266615,Kepler-587 b,0.595,2.08
1866,6444896,Kepler-1649 c,0.702,0.53
1867,8822216,Kepler-610 c,0.016,2.41
1868,9020160,Kepler-191 d,0.763,2.69
1869,7941200,Kepler-1709 b,0.663,2.78
1870,9020160,Kepler-191 c,0.845,2.47
1871,9020160,Kepler-191 b,0.934,1.93
1872,10418224,Kepler-40 b,0.055,13.44
1873,10616679,Kepler-550 b,0.048,4.17
1874,10717241,Kepler-551 b,0.468,2.53
1875,10843590,Kepler-153 b,0.013,2.82
1876,6850504,Kepler-20 f,0.049,0.9
1877,12061222,Kepler-572 b,0.012,2.22
1878,12404305,Kepler-573 b,0.024,2.78
1879,12834874,Kepler-574 b,0.017,2.19
1880,2557816,Kepler-575 b,0.671,2.03
1881,10454313,Kepler-588 b,0.847,2.87
1882,10513530,Kepler-589 b,0.88,2.95
1883,5866724,Kepler-65 b,0.113,1.42
1884,10513530,Kepler-589 c,0.976,1.46
1885,10554999,Kepler-179 c,0.898,2.52
1886,9076513,Kepler-611 b,0.014,2.04
1887,9146018,Kepler-192 b,0.625,2.76
1888,9146018,Kepler-192 c,0.794,2.63
1889,9146018,Kepler-192 d,0.732,1.15
1890,9279669,Kepler-612 b,0.644,2.33
1891,10843590,Kepler-153 c,0.645,2.6
1892,10858832,Kepler-552 b,0.853,3.77
1893,10937029,Kepler-553 b,0.033,4.48
1894,10937029,Kepler-553 c,0.75,10.99
1895,3239945,Kepler-167 b,0.102,1.41
1896,10187017,Kepler-102 e,0.75,2.48
1897,3239945,Kepler-167 e,0.216,9.27
1898,10554999,Kepler-179 b,0.189,1.56
1899,10873260,Kepler-590 b,0.316,3.46
1900,10965008,Kepler-591 b,0.875,4.71
1901,11073351,Kepler-592 b,0.614,2.53
1902,11090765,Kepler-593 b,0.89,2.97
1903,9570741,Kepler-613 b,0.025,2.11
1904,9607164,Kepler-614 b,0.66,2.41
1905,9631762,Kepler-615 b,0.178,1.92
1906,6462863,Kepler-89 d,0.031,9.99
1907,9782691,Kepler-193 b,0.243,3.04
1908,11709124,Kepler-154 d,0.649,4.04
1909,12302530,Kepler-155 b,0.886,2.01
1910,11904151,Kepler-10 b,0.022,1.43
1911,3239945,Kepler-167 c,0.077,1.37
1912,3239945,Kepler-167 d,0.568,1.11
1913,3559935,Kepler-576 b,0.041,2.9
1914,3966801,Kepler-577 b,0.68,1.7
1915,11656721,Kepler-594 b,0.115,2.06
1916,11853905,Kepler-4 b,0.021,4.13
1917,5866724,Kepler-65 d,0.622,1.58
1918,11669239,Kepler-180 c,0.917,3.28
1919,11669239,Kepler-180 b,0.967,2.04
1920,10600261,Kepler-194 d,0.002,3.33
1921,10656823,Kepler-195 b,0.019,2.15
1922,10656823,Kepler-195 c,0.386,1.71
1923,10676824,Kepler-1724 b,0.749,2.48
1924,10718726,Kepler-618 b,0.496,2.39
1925,12302530,Kepler-155 c,0.682,1.87
1926,12470954,Kepler-554 b,0.116,4.45
1927,2438264,Kepler-156 c,0.014,2.35
1928,2438264,Kepler-156 b,0.817,2.46
1929,4454752,Kepler-578 b,0.856,4.47
1930,4757437,Kepler-168 c,0.005,2.94
1931,10187017,Kepler-102 d,0.747,1.34
1932,4757437,Kepler-168 b,0.177,1.63
1933,11823054,Kepler-181 c,0.652,2.46
1934,11823054,Kepler-181 b,0.454,1.5
1935,12058931,Kepler-182 c,0.488,3.28
1936,9782691,Kepler-193 c,0.137,3.58
1937,9957627,Kepler-1723 b,0.046,2.37
1938,9958962,Kepler-616 b,0.851,2.82
1939,9958962,Kepler-616 c,0.849,3.96
1940,3745690,Kepler-157 c,0.18,2.17
1941,3745690,Kepler-157 b,0.184,1.37
1942,3745690,Kepler-157 d,0.812,1.56
1943,3833007,Kepler-555 b,0.336,2.22
1944,3847138,Kepler-556 b,0.012,2.08
1945,4847534,Kepler-579 b,0.8,1.9
1946,4852528,Kepler-80 b,0.172,2.16
1947,4852528,Kepler-80 c,0.023,2.16
1948,4852528,Kepler-80 d,0.032,1.3
1949,4852528,Kepler-80 e,0.154,1.33
1950,12058931,Kepler-182 b,0.888,2.66
1951,12116489,Kepler-595 b,0.04,3.95
1952,12600735,Kepler-596 b,0.075,2.99
1953,10593626,Kepler-22 b,0.856,2.34
1954,9958962,Kepler-616 d,0.482,2.44
1955,10388286,Kepler-617 b,0.025,1.23
1956,10600261,Kepler-194 c,0.0,3.56
1957,6462863,Kepler-89 c,0.005,3.72
1958,10600261,Kepler-194 b,0.271,2.06
1959,11904151,Kepler-10 c,0.025,2.26
1960,4633570,Kepler-158 b,0.855,2.27
1961,4633570,Kepler-158 c,0.623,1.97
1962,5640085,Kepler-159 b,0.078,1.68
1963,5640085,Kepler-159 c,0.011,2.05
1964,4852528,Kepler-80 f,0.026,1.19
1965,10187017,Kepler-102 f,0.765,0.95
1966,5340644,Kepler-580 b,0.246,2.28
1967,4165473,Kepler-597 b,0.032,2.3
1968,4270253,Kepler-183 c,0.066,2.9
1969,4270253,Kepler-183 b,0.663,2.76
1970,10973664,Kepler-619 b,0.229,2.85
1971,10973664,Kepler-619 c,0.831,1.64
1972,9141746,Kepler-730 c,0.578,1.23
1973,12459913,Kepler-620 b,0.845,2.49
1974,6462863,Kepler-89 e,0.497,6.07
1975,6291033,Kepler-557 b,0.623,2.43
1976,5461440,Kepler-581 b,0.494,2.67
1977,5689351,Kepler-169 e,0.806,2.24
1978,5689351,Kepler-169 c,0.647,1.37
1979,5689351,Kepler-169 b,0.684,1.19
1980,5689351,Kepler-169 d,0.799,1.45
1981,5709725,Kepler-598 b,0.713,1.63
1982,5709725,Kepler-598 c,0.741,3.07
1983,9946525,Kepler-148 d,0.681,8.73
1984,9946525,Kepler-148 c,0.047,3.44
1985,9946525,Kepler-148 b,0.278,1.82
1986,7098355,Kepler-558 b,0.761,2.64
1987,7269974,Kepler-160 c,0.03,3.85
1988,7269974,Kepler-160 b,0.034,1.89
1989,7440748,Kepler-161 b,0.026,2.14
1990,5689351,Kepler-169 f,0.845,2.95
1991,5812960,Kepler-582 b,0.034,3.34
1992,6266741,Kepler-170 b,0.559,3.05
1993,10187017,Kepler-102 c,0.658,0.63
1994,5774349,Kepler-599 b,0.304,2.55
1995,5978361,Kepler-1722 b,0.582,2.3
1996,6501635,Kepler-600 b,0.822,2.76
1997,3217264,Kepler-149 b,0.043,4.15
1998,3217264,Kepler-149 d,0.852,4.28
1999,6850504,Kepler-20 c,0.422,2.99
2000,3217264,Kepler-149 c,0.209,1.67
2001,7440748,Kepler-161 c,0.752,2.37
2002,7977197,Kepler-162 c,0.813,3.24
2003,7977197,Kepler-162 b,0.819,1.39
2004,6266741,Kepler-170 c,0.429,2.85
2005,6381846,Kepler-171 b,0.022,2.74
2006,6381846,Kepler-171 c,0.103,3.0
2007,6381846,Kepler-171 d,0.166,2.22
2008,6422155,Kepler-172 b,0.825,2.59
2009,6665695,Kepler-601 b,0.758,1.86
2010,6707833,Kepler-602 b,0.774,2.7
2011,6786037,Kepler-603 b,0.008,2.75
2012,6786037,Kepler-603 c,0.47,8.03
2013,6786037,Kepler-603 d,0.333,1.81
2014,5351250,Kepler-150 c,0.096,3.42
2015,8043638,Kepler-559 b,0.106,4.03
2016,8845205,Kepler-560 b,0.712,1.55
2017,8890783,Kepler-561 b,0.402,7.02
2018,8890783,Kepler-561 c,0.008,2.6
2019,6422155,Kepler-172 c,0.876,2.89
2020,6422155,Kepler-172 d,0.945,2.7
2021,6422155,Kepler-172 e,0.958,3.26
2022,6451936,Kepler-173 c,0.092,2.36
2023,6451936,Kepler-173 b,0.368,1.28
2024,8056665,Kepler-462 b,0.017,3.37
2025,7119481,Kepler-604 b,0.265,2.4
2026,7445445,Kepler-184 b,0.818,2.64
2027,7445445,Kepler-184 c,0.793,2.16
2028,5351250,Kepler-150 d,0.022,2.74
2029,5351250,Kepler-150 e,0.943,3.18
2030,6850504,Kepler-20 b,0.016,1.78
2031,5351250,Kepler-150 b,0.082,1.21
2032,5444548,Kepler-545 b,0.62,2.86
2033,9583881,Kepler-562 b,0.55,4.96
2034,9589524,Kepler-563 b,0.032,3.18
2035,10187017,Kepler-102 b,0.705,0.51
2036,6838050,Kepler-583 b,0.023,2.78
2037,6937692,Kepler-584 b,0.772,4.17
2038,7445445,Kepler-184 d,0.902,2.55
2039,7595157,Kepler-605 b,0.63,1.65
2040,7595157,Kepler-605 c,0.385,0.96
2041,8008206,Kepler-185 c,0.559,1.94
2042,8008206,Kepler-185 b,0.136,1.13
2043,5683743,Kepler-546 b,0.255,7.31
2044,5791986,Kepler-151 b,0.777,3.0
2045,5791986,Kepler-151 c,0.817,2.33
2046,9844088,Kepler-564 b,0.001,4.61
2047,10019643,Kepler-163 c,0.885,3.2
2048,10019643,Kepler-163 b,0.816,1.36
2049,10123064,Kepler-565 b,0.032,3.16
2050,8015907,Kepler-585 b,0.436,2.54
2051,8017703,Kepler-174 b,0.444,2.09
2052,8017703,Kepler-174 c,0.032,1.56
2053,8017703,Kepler-174 d,0.044,2.29
2054,8056665,Kepler-462 c,0.84,4.52
2055,8120608,Kepler-186 c,0.043,1.14
2056,8120608,Kepler-186 d,0.517,1.29
2057,8120608,Kepler-186 b,0.119,0.97
2058,8120608,Kepler-186 e,0.147,1.15
2059,6850504,Kepler-20 d,0.094,2.59
2060,6508221,Kepler-152 b,0.64,3.08
2061,10155434,Kepler-1720 b,0.793,2.75
2062,10460984,Kepler-164 c,0.819,2.84
2063,10460984,Kepler-164 d,0.842,2.7
2064,10460984,Kepler-164 b,0.911,1.63
2065,8022244,Kepler-175 b,0.421,2.56
2066,2571238,Kepler-19 b,0.004,2.1
2067,8022244,Kepler-175 c,0.474,2.76
2068,8037145,Kepler-176 c,0.657,2.58
2069,8037145,Kepler-176 b,0.72,1.61
2070,8193178,Kepler-187 c,0.77,2.87
2071,8193178,Kepler-187 b,0.633,1.44
2072,8344004,Kepler-188 c,0.51,2.96
2073,8344004,Kepler-188 b,0.537,1.63
2074,8355239,Kepler-189 c,0.798,2.98
2075,6508221,Kepler-152 c,0.886,2.96
2076,8352537,Kepler-547 b,0.436,3.8
2077,10577994,Kepler-165 b,0.521,2.1
2078,10577994,Kepler-165 c,0.607,2.34
2079,10599206,Kepler-566 b,0.727,2.24
2080,10227020,Kepler-223 d,0.021,3.46
2081,4563268,Kepler-625 c,0.348,1.0
2082,4644604,Kepler-626 b,0.93,2.88
2083,4656049,Kepler-627 b,0.854,3.2
2084,4742414,Kepler-628 b,0.05,9.11
2085,7764367,Kepler-644 b,0.819,3.07
2086,10227020,Kepler-223 c,0.55,2.68
2087,10227020,Kepler-223 e,0.898,3.57
2088,6678383,Kepler-104 d,0.638,2.61
2089,10227020,Kepler-223 b,0.594,2.42
2090,4827723,Kepler-629 b,0.147,1.34
2091,4841374,Kepler-630 b,0.746,3.25
2092,5020319,Kepler-1725 b,0.437,2.52
2093,8161561,Kepler-645 b,0.746,3.54
2094,8361905,Kepler-646 b,0.395,1.53
2095,12116489,Kepler-595 c,0.538,1.11
2096,11250587,Kepler-464 b,0.676,3.53
2097,8480285,Kepler-647 c,0.019,2.83
2098,8480285,Kepler-647 b,0.273,1.21
2099,10265898,Kepler-656 b,0.791,3.57
2100,10271806,Kepler-224 c,0.848,3.15
2101,10271806,Kepler-224 d,0.398,2.39
2102,5113822,Kepler-199 b,0.022,2.9
2103,5113822,Kepler-199 c,0.822,3.51
2104,5120087,Kepler-631 b,0.069,2.89
2105,5121511,Kepler-632 b,0.791,2.43
2106,8557374,Kepler-213 b,0.051,1.33
2107,8557374,Kepler-213 c,0.891,2.22
2108,8738735,Kepler-214 c,0.886,1.95
2109,8738735,Kepler-214 b,0.244,2.05
2110,8802165,Kepler-648 b,0.651,3.11
2111,10271806,Kepler-224 b,0.135,1.39
2112,10271806,Kepler-224 e,0.774,2.14
2113,10272442,Kepler-657 b,0.042,3.08
2114,10984090,Kepler-466 b,0.017,2.75
2115,8805348,Kepler-649 b,0.022,2.16
2116,8878187,Kepler-650 b,0.836,3.62
2117,4914423,Kepler-103 b,0.674,3.33
2118,10340423,Kepler-225 c,0.356,2.33
2119,10340423,Kepler-225 b,0.043,1.44
2120,10358759,Kepler-29 b,0.15,2.98
2121,5374854,Kepler-633 b,0.825,1.95
2122,5374854,Kepler-633 c,0.01,2.01
2123,5531694,Kepler-634 b,0.235,2.06
2124,8962094,Kepler-215 d,0.851,2.23
2125,8962094,Kepler-215 b,0.802,1.42
2126,8962094,Kepler-215 c,0.596,1.21
2127,8962094,Kepler-215 e,0.459,1.45
2128,10358759,Kepler-29 c,0.017,2.78
2129,10386984,Kepler-658 b,0.003,1.39
2130,10395381,Kepler-659 b,0.86,2.44
2131,5613330,Kepler-635 b,0.193,2.71
2132,5786676,Kepler-1665 b,0.601,5.15
2133,5796675,Kepler-636 b,0.051,4.43
2134,9002278,Kepler-62 d,0.021,1.98
2135,9002278,Kepler-62 b,0.011,1.33
2136,9002278,Kepler-62 e,0.101,1.72
2137,4914423,Kepler-103 c,0.711,5.47
2138,5941160,Kepler-200 b,0.617,1.75
2139,5941160,Kepler-200 c,0.911,1.72
2140,5966154,Kepler-201 b,0.867,2.68
2141,5966154,Kepler-201 c,0.788,2.47
2142,9266431,Kepler-1726 b,0.872,2.47
2143,9458613,Kepler-33 d,0.025,4.76
2144,9458613,Kepler-33 f,0.011,3.92
2145,6020753,Kepler-202 b,0.102,1.53
2146,6020753,Kepler-202 c,0.382,1.88
2147,6062088,Kepler-203 b,0.716,2.61
2148,9458613,Kepler-33 e,0.015,3.55
2149,9458613,Kepler-33 c,0.013,2.82
2150,9458613,Kepler-33 b,0.177,1.85
2151,9530945,Kepler-216 c,0.022,2.95
2152,6062088,Kepler-203 c,0.667,2.54
2153,6062088,Kepler-203 d,0.036,1.37
2154,6125481,Kepler-637 b,0.059,5.86
2155,6267535,Kepler-638 b,0.471,2.32
2156,6347299,Kepler-204 b,0.872,2.71
2157,9530945,Kepler-216 b,0.366,2.12
2158,9578686,Kepler-651 b,0.518,2.17
2159,9590976,Kepler-217 b,0.228,2.12
2160,9590976,Kepler-217 c,0.728,1.84
2161,9590976,Kepler-217 d,0.035,1.29
2162,4832837,Kepler-621 b,0.612,1.77
2163,6347299,Kepler-204 c,0.864,1.78
2164,6365156,Kepler-639 b,0.016,2.29
2165,6425957,Kepler-205 b,0.717,1.37
2166,2444412,Kepler-1710 b,0.014,2.62
2167,6425957,Kepler-205 c,0.714,1.58
2168,9597345,Kepler-218 c,0.472,3.05
2169,9597345,Kepler-218 b,0.116,1.47
2170,9597345,Kepler-218 d,0.004,2.69
2171,5686174,Kepler-622 b,0.019,1.82
2172,6462863,Kepler-89 b,0.008,1.5
2173,6442340,Kepler-206 c,0.8,1.85
2174,6442340,Kepler-206 b,0.816,1.32
2175,6442340,Kepler-206 d,0.924,1.29
2176,6685609,Kepler-207 d,0.801,3.6
2177,6685609,Kepler-207 b,0.782,1.72
2178,9450647,Kepler-465 b,0.02,2.87
2179,9702072,Kepler-652 b,0.015,2.46
2180,9873254,Kepler-653 b,0.127,2.04
2181,6587002,Kepler-196 b,0.777,2.11
2182,6587002,Kepler-196 c,0.678,2.33
2183,7368664,Kepler-434 b,0.932,11.26
2184,6685609,Kepler-207 c,0.855,1.65
2185,6707835,Kepler-640 b,0.868,2.72
2186,10318874,Kepler-94 b,0.742,3.25
2187,9873254,Kepler-653 c,0.093,0.82
2188,9884104,Kepler-219 b,0.823,3.29
2189,9884104,Kepler-219 c,0.816,4.01
2190,9884104,Kepler-219 d,0.918,3.55
2191,9950612,Kepler-220 c,0.846,1.8
2192,10353968,Kepler-623 b,0.013,2.94
2193,11773022,Kepler-51 b,0.063,7.65
2194,7033671,Kepler-641 b,0.795,2.16
2195,7040629,Kepler-208 b,0.009,1.83
2196,7040629,Kepler-208 c,0.255,1.65
2197,7040629,Kepler-208 e,0.374,1.72
2198,7040629,Kepler-208 d,0.342,1.47
2199,9950612,Kepler-220 d,0.516,0.9
2200,6678383,Kepler-104 b,0.608,2.35
2201,9950612,Kepler-220 e,0.303,1.18
2202,9950612,Kepler-220 b,0.676,0.86
2203,9963524,Kepler-221 c,0.573,3.1
2204,5780885,Kepler-7 b,0.361,16.66
2205,11773022,Kepler-51 d,0.022,10.44
2206,11773022,Kepler-51 c,0.972,6.34
2207,12068975,Kepler-197 c,0.905,1.44
2208,7115785,Kepler-209 b,0.824,2.56
2209,7115785,Kepler-209 c,0.226,2.94
2210,7124613,Kepler-642 b,0.085,3.95
2211,8711794,Kepler-463 b,0.097,3.14
2212,7277317,Kepler-643 b,0.256,10.47
2213,9963524,Kepler-221 d,0.768,2.97
2214,9963524,Kepler-221 e,0.947,3.58
2215,9963524,Kepler-221 b,0.638,1.66
2216,9964801,Kepler-654 b,0.748,2.13
2217,9965439,Kepler-655 b,0.018,2.66
2218,12068975,Kepler-197 d,0.911,1.42
2219,12068975,Kepler-197 b,0.914,1.22
2220,12068975,Kepler-197 e,0.771,0.95
2221,3541946,Kepler-198 b,0.182,2.7
2222,3541946,Kepler-198 c,0.866,2.91
2223,10264660,Kepler-14 b,0.486,9.86
2224,7447200,Kepler-210 c,0.739,3.22
2225,7447200,Kepler-210 b,0.496,2.26
2226,7509886,Kepler-211 c,0.508,1.3
2227,7509886,Kepler-211 b,0.185,1.3
2228,10002866,Kepler-222 b,0.801,3.36
2229,10002866,Kepler-222 d,0.425,3.63
2230,6678383,Kepler-104 c,0.758,2.32
2231,10002866,Kepler-222 c,0.921,4.71
2232,3541946,Kepler-198 d,0.121,1.43
2233,4478168,Kepler-624 b,0.665,2.45
2234,4563268,Kepler-625 b,0.546,1.89
2235,7515212,Kepler-212 c,0.87,2.99
2236,7515212,Kepler-212 b,0.131,0.92
2237,7529266,Kepler-435 b,0.296,26.52
2238,8686373,Kepler-1936 b,0.965,4.59
2239,3867615,Kepler-379 b,0.02,1.58
2240,5530112,Kepler-1937 b,0.118,3.09
2241,6226908,Kepler-1546 b,0.87,3.78
2242,5906694,Kepler-1938 b,0.128,1.36
2243,9956082,Kepler-1557 b,0.277,1.38
2244,6755944,Kepler-1547 b,0.938,2.24
2245,9334893,Kepler-1178 b,0.476,0.63
2246,10000941,Kepler-1558 b,0.309,0.8
2247,9455677,Kepler-1548 b,0.096,2.57
2248,11465651,Kepler-1941 b,0.706,1.99
2249,3937814,Kepler-1549 b,0.023,2.68
2250,5881120,Kepler-1943 b,0.985,1.1
2251,4770617,Kepler-1154 c,0.697,2.52
2252,6106282,Kepler-440 b,0.046,1.61
2253,4078311,Kepler-1944 b,0.234,2.41
2254,11709124,Kepler-154 c,0.712,3.05
2255,9022166,Kepler-368 c,0.791,4.21
2256,3103227,Kepler-1550 b,0.066,3.71
2257,4850961,Kepler-1551 b,0.817,2.74
2258,8439323,Kepler-1942 b,0.739,1.65
2259,10714072,Kepler-1541 b,0.015,1.95
2260,5688683,Kepler-1939 b,0.787,0.99
2261,6607644,Kepler-1559 b,0.592,0.79
2262,7610663,Kepler-1560 b,0.287,0.9
2263,8951205,Kepler-1940 b,0.458,1.28
2264,7838675,Kepler-1561 b,0.137,0.85
2265,7100673,Kepler-1542 b,0.374,0.83
2266,7100673,Kepler-1542 c,0.017,0.7
2267,3747817,Kepler-1552 b,0.04,2.41
2268,10089911,Kepler-1543 b,0.906,6.14
2269,11415243,Kepler-1544 b,0.083,1.69
2270,3548044,Kepler-371 c,0.317,1.71
2271,11401767,Kepler-372 d,0.907,2.25
2272,11709124,Kepler-154 f,0.163,1.32
2273,8613535,Kepler-1165 b,0.112,1.47
2274,3955817,Kepler-1553 b,0.201,1.1
2275,10360722,Kepler-1545 b,0.028,2.75
2276,6349881,Kepler-1554 b,0.633,3.24
2277,1718958,Kepler-1934 b,0.644,0.85
2278,6428794,Kepler-1701 b,0.754,2.21
2279,4673628,Kepler-1935 b,1.217,23.51
2280,11401767,Kepler-372 b,0.954,1.83
2281,9718066,Kepler-378 c,0.863,0.79
2282,9272070,Kepler-1555 b,0.353,1.45
2283,5088400,Kepler-1556 b,0.249,1.67
2284,8087812,Kepler-1952 b,0.973,1.73
2285,5308537,Kepler-1955 b,0.353,1.06
2286,5281113,Kepler-1602 b,0.381,1.81
2287,6026924,Kepler-1580 b,0.579,2.44
2288,3244792,Kepler-1592 b,0.104,0.99
2289,1724719,Kepler-1569 b,0.896,1.69
2290,8120608,Kepler-186 f,0.909,1.18
2291,9366617,Kepler-1570 b,0.21,2.54
2292,4548011,Kepler-1581 b,0.101,0.73
2293,8459663,Kepler-1593 b,0.024,1.74
2294,7046035,Kepler-1603 b,0.01,0.97
2295,8463346,Kepler-436 b,0.701,2.48
2296,5868793,Kepler-1582 b,0.014,0.79
2297,10063208,Kepler-1583 b,0.044,0.59
2298,10669994,Kepler-1594 b,0.44,1.05
2299,9183378,Kepler-1571 b,0.129,1.63
2300,7596240,Kepler-1584 b,0.375,1.51
2301,7427764,Kepler-1595 b,0.365,1.22
2302,8416523,Kepler-1604 b,0.957,1.72
2303,9872831,Kepler-1572 b,0.202,1.3
2304,12306058,Kepler-391 c,0.834,3.6
2305,8507475,Kepler-1585 b,0.143,1.64
2306,8773015,Kepler-1586 b,0.715,1.57
2307,11080405,Kepler-386 b,0.783,1.51
2308,11509504,Kepler-1573 b,0.25,1.06
2309,11611275,Kepler-1574 b,0.485,1.34
2310,11612280,Kepler-1587 b,0.397,1.14
2311,11444514,Kepler-1596 b,0.021,1.99
2312,9886361,Kepler-403 d,0.112,1.46
2313,9702006,Kepler-1953 b,0.594,1.06
2314,6587002,Kepler-196 d,0.957,2.92
2315,11718389,Kepler-1956 b,0.197,1.14
2316,10329196,Kepler-1605 b,0.713,2.99
2317,10604592,Kepler-1957 b,0.828,0.98
2318,9285568,Kepler-1575 b,0.32,1.25
2319,7604328,Kepler-1245 c,0.863,1.77
2320,7103919,Kepler-1950 b,0.069,1.15
2321,10722485,Kepler-1588 b,0.107,0.81
2322,6937529,Kepler-1597 b,0.01,0.89
2323,5177859,Kepler-1576 b,0.451,1.19
2324,9883606,Kepler-1598 b,0.118,0.94
2325,5860968,Kepler-1599 b,0.255,2.15
2326,3645438,Kepler-1600 c,0.411,1.6
2327,8480582,Kepler-1702 b,0.719,1.62
2328,11125613,Kepler-1254 c,0.395,1.36
2329,10525049,Kepler-1948 b,0.312,0.72
2330,5095082,Kepler-1951 b,0.188,1.27
2331,11560897,Kepler-430 c,0.074,1.86
2332,6752002,Kepler-1945 b,0.254,1.07
2333,7257966,Kepler-1946 b,0.965,3.59
2334,10407482,Kepler-1577 b,0.601,2.52
2335,5371777,Kepler-1589 b,0.765,1.19
2336,6879171,Kepler-1947 b,0.09,1.4
2337,9897364,Kepler-1562 b,0.908,5.38
2338,12505503,Kepler-1563 b,0.703,0.75
2339,10526887,Kepler-1578 b,0.333,1.21
2340,11125613,Kepler-1254 d,0.447,1.4
2341,8733898,Kepler-446 c,0.111,1.4
2342,9828127,Kepler-1564 b,0.175,1.51
2343,5644412,Kepler-1565 b,0.7,1.29
2344,10730070,Kepler-1590 b,0.234,1.0
2345,2831055,Kepler-1601 b,0.11,0.84
2346,7703882,Kepler-1954 b,0.362,1.27
2347,5340878,Kepler-1566 b,0.291,0.82
2348,7450747,Kepler-1949 b,0.205,1.36
2349,7826620,Kepler-1579 b,0.64,0.59
2350,8573193,Kepler-1591 b,0.601,0.93
2351,7673841,Kepler-392 c,0.811,1.07
2352,5084171,Kepler-1567 b,0.036,2.53
2353,11968463,Kepler-385 d,0.908,2.9
2354,10593535,Kepler-1568 b,0.201,1.26
2355,5959719,Kepler-390 c,0.495,0.8
2356,9701962,Kepler-1617 b,0.008,1.52
2357,5977470,Kepler-1653 b,0.323,1.84
2358,11284772,Kepler-441 b,0.21,1.56
2359,6153407,Kepler-1911 b,0.944,1.03
2360,11519187,Kepler-1964 b,1.253,21.29
2361,8417078,Kepler-1619 b,0.369,1.07
2362,9898017,Kepler-1960 b,0.108,0.98
2363,6278762,Kepler-444 c,0.563,0.65
2364,4556468,Kepler-1609 b,0.529,2.09
2365,7747457,Kepler-1613 b,0.561,1.85
2366,10026502,Kepler-1620 b,0.084,1.31
2367,9002278,Kepler-62 c,0.043,0.57
2368,11650401,Kepler-1614 b,0.278,1.4
2369,6278762,Kepler-444 d,0.334,0.65
2370,9100953,Kepler-1610 b,0.045,1.37
2371,6761777,Kepler-1615 b,0.967,3.71
2372,9412623,Kepler-1618 b,0.63,1.06
2373,4735826,Kepler-1972 b,0.625,0.68
2374,7778621,Kepler-1967 b,0.956,2.59
2375,6278762,Kepler-444 e,0.018,0.62
2376,4545570,Kepler-1961 b,0.221,1.11
2377,11671579,Kepler-1611 b,0.097,1.31
2378,9216775,Kepler-1612 b,0.337,0.94
2379,6278762,Kepler-444 f,0.89,0.95
2380,9009036,Kepler-1616 b,0.553,1.21
2381,2857607,Kepler-1965 b,0.923,1.25
2382,5962262,Kepler-1966 b,0.059,1.01
2383,7429240,Kepler-1606 b,0.019,2.33
2384,5003670,Kepler-1962 b,0.94,1.53
2385,7133294,Kepler-1607 b,0.617,1.25
2386,4381429,Kepler-1608 b,0.014,1.63
2387,10220837,Kepler-1963 b,0.169,0.81
2388,6278762,Kepler-444 b,0.025,0.5
2389,6276791,Kepler-1958 b,0.035,1.62
2390,8636600,Kepler-1959 b,0.015,1.19
2391,9447166,Kepler-1459 b,0.954,1.96
2392,8151055,Kepler-1460 b,0.855,2.24
2393,3348082,Kepler-274 b,0.053,2.61
2394,10615440,Kepler-1622 b,0.896,1.24
2395,7510820,Kepler-1461 b,0.75,2.02
2396,6880517,Kepler-1462 b,0.038,2.52
2397,6615511,Kepler-1463 b,0.035,1.76
2398,3632089,Kepler-1464 b,0.29,1.5
2399,8397947,Kepler-1705 b,0.2805,1.07
2400,9569711,Kepler-1912 b,0.438,1.21
2401,12314973,Kepler-450 d,0.399,0.96
2402,3348082,Kepler-274 c,0.826,3.21
2403,3632089,Kepler-1464 c,0.116,0.86
2404,12735830,Kepler-1465 b,0.785,4.98
2405,6592335,Kepler-1971 b,0.7697,0.42
2406,10057494,Kepler-1443 b,0.016,0.85
2407,6587796,Kepler-1444 b,0.789,2.46
2408,8554701,Kepler-1466 b,0.016,1.31
2409,9031209,Kepler-1467 b,0.027,2.84
2410,8073705,Kepler-1445 b,0.729,1.09
2411,4271474,Kepler-1469 b,0.502,2.37
2412,11497958,Kepler-296 f,0.029,1.18
2413,9885417,Kepler-1446 b,0.119,0.78
2414,8331612,Kepler-1915 b,0.94,3.78
2415,5965819,Kepler-1468 d,0.529,2.64
2416,5965819,Kepler-1468 b,0.012,2.35
2417,8183288,Kepler-437 b,0.433,1.56
2418,5965819,Kepler-1468 c,0.143,1.62
2419,8280511,Kepler-271 d,0.248,0.67
2420,12156174,Kepler-1447 b,0.626,4.01
2421,4736644,Kepler-1470 b,0.494,1.15
2422,12055539,Kepler-1448 b,0.026,1.67
2423,12056139,Kepler-1449 b,0.803,1.94
2424,9021075,Kepler-1968 b,0.1,1.4
2425,4473613,Kepler-1623 b,0.374,1.2
2426,8826007,Kepler-1450 b,0.94,1.94
2427,8620402,Kepler-1913 b,0.786,1.66
2428,5280587,Kepler-1451 b,0.261,2.24
2429,4138008,Kepler-442 b,0.248,1.3
2430,3120904,Kepler-1452 b,0.403,3.19
2431,11757451,Kepler-443 b,0.772,2.32
2432,8047428,Kepler-1621 b,0.273,2.22
2433,11513486,Kepler-1969 b,0.235,1.72
2434,11189311,Kepler-1442 b,0.911,4.63
2435,3544640,Kepler-1914 b,0.023,2.42
2436,10653179,Kepler-1453 b,0.028,2.58
2437,12066569,Kepler-1455 b,0.022,1.75
2438,6497146,Kepler-438 b,0.139,0.97
2439,8016691,Kepler-1456 b,0.945,1.41
2440,6584273,Kepler-1457 b,0.029,1.6
2441,5768816,Kepler-1458 b,0.873,3.35
2442,6368175,Kepler-1703 b,0.777,0.79
2443,4939346,Kepler-328 b,0.026,2.39
2444,11455428,Kepler-1480 b,0.956,3.94
2445,6265665,Kepler-1499 b,0.348,1.14
2446,4645174,Kepler-1500 b,0.896,2.18
2447,11657614,Kepler-1481 b,0.097,1.23
2448,6599975,Kepler-1501 b,0.031,1.08
2449,4282191,Kepler-1502 b,0.671,2.19
2450,9967771,Kepler-990 c,0.334,1.67
2451,6705026,Kepler-1483 b,0.143,1.65
2452,6779726,Kepler-1918 b,0.361,2.57
2453,7288306,Kepler-1503 b,0.049,2.07
2454,11860395,Kepler-1504 b,0.859,4.47
2455,9529744,Kepler-320 c,0.976,2.8
2456,2995392,Kepler-1484 b,0.929,2.6
2457,8078502,Kepler-1919 b,0.026,2.09
2458,6975129,Kepler-312 b,0.006,1.02
2459,8644365,Kepler-1485 b,0.748,1.41
2460,6364582,Kepler-1505 b,0.852,1.08
2461,9529744,Kepler-320 b,0.983,2.39
2462,10328393,Kepler-332 c,0.088,1.04
2463,6118370,Kepler-1506 b,0.044,1.45
2464,2717158,Kepler-1922 b,0.943,1.75
2465,11521793,Kepler-143 b,0.975,2.99
2466,9085563,Kepler-1486 b,0.018,2.64
2467,11337372,Kepler-920 c,0.676,4.35
2468,9763612,Kepler-1507 b,0.135,0.81
2469,3561464,Kepler-1487 b,0.112,5.05
2470,5213404,Kepler-1508 b,0.922,3.22
2471,11551692,Kepler-411 d,0.951,3.46
2472,11754430,Kepler-1488 b,0.6,2.23
2473,9995771,Kepler-1509 b,0.232,2.0
2474,5213230,Kepler-1923 b,0.102,1.83
2475,3326377,Kepler-967 c,0.026,3.56
2476,10922659,Kepler-1916 b,0.019,2.29
2477,6021275,Kepler-132 e,0.675,1.41
2478,11754430,Kepler-1488 c,0.595,1.2
2479,8409295,Kepler-1489 b,0.195,1.82
2480,7131760,Kepler-1490 b,0.943,2.89
2481,11853878,Kepler-968 d,0.951,2.58
2482,9285265,Kepler-1491 b,0.167,2.09
2483,5780930,Kepler-1492 b,0.763,3.65
2484,7288444,Kepler-1924 b,0.802,1.91
2485,10881457,Kepler-1510 b,0.01,4.17
2486,3433668,Kepler-1493 b,0.96,1.77
2487,7503885,Kepler-1494 b,0.901,3.26
2488,3629330,Kepler-1495 b,0.965,3.85
2489,11853878,Kepler-968 c,0.751,1.51
2490,11810124,Kepler-1471 b,0.32,1.68
2491,11303322,Kepler-1472 b,0.562,1.54
2492,11241912,Kepler-1473 b,0.977,1.53
2493,8824737,Kepler-1917 b,0.382,1.49
2494,9349757,Kepler-1474 b,0.25,2.2
2495,7703955,Kepler-315 c,0.956,4.2
2496,8880123,Kepler-1925 b,0.266,2.03
2497,8636333,Kepler-1475 b,0.015,2.24
2498,8081239,Kepler-1476 b,0.074,1.68
2499,3745559,Kepler-1920 b,0.122,2.8
2500,9117416,Kepler-1921 b,0.193,2.24
2501,7517261,Kepler-1511 b,0.355,2.18
2502,8424002,Kepler-1512 b,0.925,0.8
2503,10657406,Kepler-969 c,0.681,1.06
2504,7091432,Kepler-1477 b,0.96,1.7
2505,6368230,Kepler-1478 b,0.092,1.35
2506,9027909,Kepler-1496 b,0.083,2.12
2507,9230021,Kepler-1497 b,0.025,1.94
2508,8552719,Kepler-953 c,0.761,1.32
2509,6058816,Kepler-1927 b,0.127,3.78
2510,6619815,Kepler-1696 b,0.332,2.33
2511,11651712,Kepler-1479 b,0.112,1.69
2512,9896558,Kepler-937 c,0.261,2.14
2513,8738775,Kepler-1498 b,0.186,2.36
2514,3728432,Kepler-1526 b,0.111,1.86
2515,6696580,Kepler-359 d,1.227,29.77
2516,9892816,Kepler-342 e,0.942,1.18
2517,5384079,Kepler-348 c,0.007,1.16
2518,11709124,Kepler-154 b,0.431,2.36
2519,9480535,Kepler-1527 b,0.791,6.67
2520,3128552,Kepler-1073 c,0.017,1.79
2521,9892816,Kepler-342 c,0.985,2.76
2522,4150804,Kepler-1513 b,0.284,9.09
2523,9025971,Kepler-1657 b,0.12,11.49
2524,2581316,Kepler-1514 b,0.004,11.17
2525,2581554,Kepler-1521 b,0.668,2.58
2526,3128552,Kepler-1073 d,0.13,1.48
2527,10363115,Kepler-1929 b,0.001,2.23
2528,9761615,Kepler-1528 b,0.028,1.29
2529,2581316,Kepler-1514 c,0.877,1.25
2530,10795103,Kepler-1515 b,0.016,9.17
2531,8494410,Kepler-1516 b,0.366,1.57
2532,5784777,Kepler-1529 b,0.02,1.9
2533,6949061,Kepler-343 c,0.913,2.42
2534,7102316,Kepler-351 d,0.015,2.52
2535,11518142,Kepler-1519 b,0.647,10.31
2536,10788461,Kepler-1530 d,0.898,5.5
2537,10788461,Kepler-1530 b,0.725,2.55
2538,10788461,Kepler-1530 c,0.804,2.69
2539,12784167,Kepler-1522 b,0.036,1.51
2540,11253711,Kepler-1031 b,0.005,1.0
2541,9489524,Kepler-352 d,0.489,0.72
2542,11709124,Kepler-154 e,0.37,1.5
2543,8505920,Kepler-1090 b,0.746,2.79
2544,4242692,Kepler-1531 b,0.545,1.45
2545,6105462,Kepler-1093 c,0.742,2.21
2546,8257205,Kepler-1038 c,0.125,1.21
2547,4164922,Kepler-1698 b,0.597,0.99
2548,10328393,Kepler-332 d,0.034,1.15
2549,5437945,Kepler-460 b,0.424,7.23
2550,9353742,Kepler-1523 b,0.013,1.46
2551,9101496,Kepler-335 c,0.368,2.65
2552,11450414,Kepler-347 c,0.983,3.61
2553,12557548,Kepler-1520 b,1.226,22.95
2554,3657758,Kepler-1065 c,0.003,1.29
2555,9517393,Kepler-1085 b,0.244,6.11
2556,3440118,Kepler-1928 b,0.694,1.96
2557,4472818,Kepler-1524 b,0.545,2.84
2558,9411166,Kepler-1016 c,0.371,4.22
2559,12154526,Kepler-1047 c,0.526,0.98
2560,8804845,Kepler-1067 b,0.399,0.75
2561,7515679,Kepler-1517 b,0.902,22.27
2562,9351316,Kepler-1086 c,0.001,2.88
2563,5202905,Kepler-340 b,0.149,2.49
2564,11760860,Kepler-1525 b,0.035,0.92
2565,12735740,Kepler-86 b,0.248,8.98
2566,8552719,Kepler-953 b,0.535,4.55
2567,3732035,Kepler-1535 b,0.195,2.57
2568,5195172,Kepler-1763 b,0.058,0.97
2569,8832512,Kepler-963 b,0.022,2.85
2570,9280239,Kepler-1536 b,0.875,2.89
2571,9886255,Kepler-976 b,0.322,3.79
2572,6803855,Kepler-930 b,0.017,2.19
2573,10153855,Kepler-1037 b,0.466,1.61
2574,7762723,Kepler-1867 b,0.383,0.68
2575,4178606,Kepler-1326 b,0.659,6.3
2576,5980208,Kepler-1331 b,0.376,0.91
2577,8036287,Kepler-1537 b,0.162,2.03
2578,11187436,Kepler-957 b,0.177,5.1
2579,9823519,Kepler-1350 b,0.018,1.93
2580,7047824,Kepler-1353 b,0.709,2.1
2581,11358389,Kepler-365 c,0.115,1.6
2582,5807769,Kepler-1289 b,0.107,1.97
2583,6041734,Kepler-1129 c,0.327,3.73
2584,6606438,Kepler-1883 b,0.013,3.16
2585,5773121,Kepler-1932 b,0.318,1.27
2586,4814502,Kepler-1933 b,0.928,1.41
2587,8142787,Kepler-439 b,0.042,2.25
2588,11075429,Kepler-1137 b,0.936,3.01
2589,11705004,Kepler-1806 b,0.455,1.96
2590,11244682,Kepler-1699 b,0.116,1.32
2591,5895158,Kepler-1532 b,0.174,1.29
2592,8934103,Kepler-1538 b,0.07,3.06
2593,4947556,Kepler-1930 b,0.93,2.08
2594,9009953,Kepler-1700 b,0.944,3.41
2595,7679812,Kepler-1931 b,0.015,2.05
2596,8282846,Kepler-1539 b,0.063,2.67
2597,5938970,Kepler-1540 b,0.822,3.14
2598,7375348,Kepler-508 b,0.799,1.77
2599,8636434,Kepler-1533 b,0.022,3.28
2600,7810483,Kepler-1676 b,0.38,3.09
2601,9904006,Kepler-361 b,0.009,1.34
2602,8081187,Kepler-1025 b,0.608,35.34
2603,6342333,Kepler-1789 b,0.911,3.24
2604,10404582,Kepler-362 b,0.754,1.25
2605,4570949,Kepler-76 b,0.918,13.43
2606,11497958,Kepler-296 e,0.105,1.06
2607,6444896,Kepler-1649 b,0.049,0.49
2608,11442793,Kepler-90 c,0.343,1.53
2609,11442793,Kepler-90 b,0.156,1.29
2610,10005758,Kepler-1662 c,0.888,6.36
2611,12405333,Kepler-1409 b,0.235,1.04
2612,2715695,Kepler-1899 b,0.752,1.64
2613,11442793,Kepler-90 e,0.025,2.62
2614,12352520,Kepler-1904 b,0.327,1.33
2615,7455981,Kepler-1425 b,0.522,0.72
2616,5474613,Kepler-1659 b,1.19,22.29
2617,9823519,Kepler-1350 c,0.066,1.4
2618,10587105,Kepler-529 d,0.963,2.44
2619,8558011,Kepler-607 b,0.092,0.91
2620,7742408,Kepler-1697 b,0.961,2.97
2621,8231667,Kepler-1926 b,0.02,2.67
2622,5437945,Kepler-460 c,0.023,5.94
2623,1873513,Kepler-1624 b,0.09,4.91
2624,5551240,Kepler-1626 b,0.344,1.24
2625,4760478,Kepler-1625 b,0.015,11.67
2626,6184894,Kepler-1627 b,0.028,3.06
2627,9002278,Kepler-62 f,0.378,1.43
2628,6026438,Kepler-354 c,0.471,1.31
2629,8753896,Kepler-389 c,0.927,2.08
2630,11177676,Kepler-1454 b,0.161,1.98
2631,7731281,Kepler-1628 b,0.577,6.28
2632,8745553,Kepler-1633 b,0.827,6.71
2633,7978202,Kepler-1630 b,0.0254,2.62
2634,8891684,Kepler-1634 b,0.626,4.27
2635,9715631,Kepler-1636 b,0.03,3.2
2636,10777591,Kepler-1637 b,0.108,0.79
2637,8037038,Kepler-1631 b,0.97,1.75
2638,8105398,Kepler-1632 b,0.019,2.41
2639,9141355,Kepler-1635 b,0.906,3.24
2640,11037818,Kepler-1638 b,0.447,6.04
2641,11176166,Kepler-1639 b,0.732,2.64
2642,6368175,Kepler-1703 c,0.681,0.8
2643,8653134,Kepler-1643 b,0.021,1.72
2644,8030339,Kepler-1534 b,0.616,1.92
2645,8037145,Kepler-176 e,0.817,1.51
2646,7100673,Kepler-1542 d,0.505,0.91
2647,7100673,Kepler-1542 e,0.083,0.85
2648,3645438,Kepler-1600 b,0.01,2.96
2649,8780959,Kepler-1518 b,0.962,2.81
2650,5629353,Kepler-1640 b,0.815,5.83
2651,10717220,Kepler-1644 b,0.832,1.88
2652,10989274,Kepler-1645 b,0.081,2.25
2653,4247991,Kepler-1185 b,0.532,1.39
2654,6221385,Kepler-1641 b,0.721,4.07
2655,6221385,Kepler-1641 c,0.007,3.73
2656,7908367,Kepler-1642 b,0.104,5.41
2657,7908367,Kepler-1642 c,0.064,4.81
2658,4142847,Kepler-1143 c,0.642,3.23
2659,12206313,Kepler-401 d,0.885,2.57
2660,10122538,Kepler-1388 d,0.112,2.38
2661,10122538,Kepler-1388 e,0.338,2.25
2662,11125797,Kepler-1482 b,0.441,1.0
2663,4735826,Kepler-1972 c,0.1749,0.91
2664,11442793,Kepler-90 f,0.943,3.37
2665,8540376,Kepler-457 d,0.734,2.71
2666,7350067,Kepler-1646 b,0.442,0.95
2667,9730163,Kepler-445 d,0.461,2.44
2668,8311864,Kepler-452 b,0.059,1.09
2669,7935997,Kepler-1629 b,0.025,0.68
2670,8873450,Kepler-1975 b,0.717,2.03
